0,0,5,8
1,0,124,7
2,0,225,15
3,0,234,13
4,0,239,25
5,0,254,10
6,0,65,27
7,0,144,7
8,0,22,5
9,0,145,17
10,1,0,17
11,1,3,27
12,1,284,17
13,1,144,16
14,1,166,8
15,1,86,21
16,1,58,2
17,1,130,19
18,1,151,5
19,1,186,2
20,2,0,24
21,2,70,8
22,2,212,11
23,2,93,27
24,2,56,24
25,2,133,25
26,2,271,17
27,2,109,20
28,2,18,11
29,2,134,17
30,3,53,23
31,3,12,28
32,3,211,1
33,3,282,4
34,3,102,30
35,4,2,14
36,4,7,23
37,4,285,8
38,4,252,25
39,4,204,5
40,4,61,19
41,4,37,24
42,4,141,18
43,4,95,2
44,4,190,17
45,5,0,23
46,5,172,7
47,5,110,17
48,5,173,16
49,5,228,19
50,5,77,1
51,5,64,21
52,5,101,30
53,5,263,1
54,5,269,14
55,6,3,23
56,6,25,27
57,6,274,13
58,6,24,8
59,6,12,14
60,6,69,28
61,7,21,22
62,7,144,9
63,7,27,3
64,7,88,17
65,7,9,20
66,7,39,24
67,8,5,8
68,8,157,9
69,8,298,21
70,8,97,4
71,8,24,21
72,9,4,12
73,9,14,19
74,9,15,14
75,9,19,12
76,9,282,29
77,9,44,14
78,10,6,25
79,10,269,15
80,10,278,29
81,10,211,19
82,10,86,24
83,10,7,21
84,11,9,12
85,11,23,30
86,11,94,27
87,11,240,16
88,11,114,15
89,11,118,3
90,11,266,13
91,11,239,6
92,11,44,29
93,11,6,18
94,12,11,10
95,12,16,28
96,12,232,13
97,12,272,27
98,12,127,25
99,12,213,26
100,12,158,29
101,12,102,7
102,12,47,7
103,12,77,2
104,13,8,2
105,13,72,16
106,13,192,5
107,13,30,28
108,13,86,13
109,13,110,29
110,13,219,18
111,13,271,4
112,13,4,26
113,13,194,17
114,14,25,28
115,14,224,18
116,14,107,15
117,14,237,21
118,14,160,14
119,14,30,23
120,14,239,14
121,14,233,27
122,14,223,18
123,14,32,29
124,15,24,15
125,15,259,1
126,15,164,9
127,15,41,14
128,15,221,13
129,15,234,24
130,15,115,23
131,15,85,5
132,15,96,11
133,15,51,22
134,16,25,16
135,16,69,29
136,16,98,16
137,16,220,24
138,16,283,29
139,17,8,18
140,17,28,13
141,17,259,11
142,17,254,21
143,17,158,18
144,17,53,21
145,18,15,26
146,18,140,29
147,18,100,3
148,18,199,25
149,18,288,25
150,18,241,28
151,19,31,6
152,19,133,18
153,19,234,24
154,19,258,8
155,19,152,25
156,20,19,25
157,20,22,2
158,20,37,20
159,20,41,10
160,20,205,17
161,21,11,25
162,21,189,7
163,21,33,9
164,21,106,23
165,21,140,6
166,21,100,6
167,22,26,22
168,22,50,19
169,22,228,23
170,22,242,29
171,22,159,1
172,22,39,4
173,23,100,20
174,23,188,4
175,23,26,6
176,23,55,28
177,23,296,29
178,23,209,30
179,23,30,23
180,23,47,8
181,23,140,7
182,23,144,22
183,24,38,23
184,24,272,8
185,24,275,17
186,24,148,13
187,24,220,13
188,25,29,28
189,25,88,13
190,25,224,5
191,25,156,10
192,25,283,23
193,25,45,17
194,25,32,26
195,25,44,25
196,25,172,20
197,25,51,18
198,26,39,3
199,26,273,1
200,26,56,12
201,26,79,10
202,26,299,14
203,26,114,21
204,27,24,14
205,27,77,28
206,27,278,18
207,27,216,24
208,27,137,13
209,27,19,12
210,28,71,28
211,28,69,10
212,28,136,5
213,28,217,19
214,28,233,13
215,28,275,25
216,28,171,29
217,28,47,21
218,28,54,21
219,28,280,29
220,29,71,20
221,29,33,4
222,29,163,22
223,29,259,29
224,29,44,15
225,29,295,9
226,30,28,25
227,30,45,5
228,30,263,11
229,30,237,20
230,30,150,29
231,31,160,6
232,31,161,19
233,31,132,2
234,31,275,9
235,31,67,18
236,31,144,25
237,32,30,3
238,32,272,2
239,32,236,21
240,32,177,12
241,32,269,12
242,33,29,3
243,33,36,24
244,33,76,22
245,33,183,11
246,33,214,24
247,33,95,27
248,34,29,21
249,34,88,22
250,34,202,6
251,34,169,7
252,34,93,23
253,35,19,19
254,35,51,8
255,35,54,10
256,35,104,25
257,35,59,14
258,35,163,9
259,36,299,16
260,36,116,7
261,36,295,27
262,36,144,21
263,36,270,21
264,36,258,29
265,36,196,23
266,36,159,26
267,36,31,1
268,36,293,5
269,37,42,7
270,37,261,17
271,37,228,23
272,37,121,14
273,37,118,19
274,38,236,14
275,38,243,17
276,38,113,3
277,38,70,16
278,38,74,28
279,38,95,30
280,39,77,2
281,39,137,16
282,39,109,28
283,39,191,2
284,39,100,7
285,39,270,29
286,40,38,22
287,40,44,1
288,40,121,7
289,40,98,9
290,40,99,24
291,40,50,7
292,41,47,29
293,41,258,23
294,41,176,28
295,41,299,7
296,41,157,5
297,41,230,28
298,41,251,17
299,41,50,5
300,41,110,13
301,41,294,10
302,42,103,7
303,42,211,2
304,42,108,3
305,42,158,30
306,42,239,28
307,42,212,11
308,43,22,1
309,43,60,11
310,43,64,9
311,43,101,4
312,43,112,20
313,43,103,16
314,44,67,18
315,44,64,17
316,44,192,13
317,44,189,16
318,44,130,3
319,44,232,13
320,45,50,2
321,45,69,18
322,45,235,6
323,45,68,2
324,45,140,4
325,45,52,27
326,46,23,14
327,46,48,29
328,46,227,8
329,46,69,23
330,46,200,16
331,46,206,6
332,47,265,12
333,47,158,11
334,47,94,15
335,47,89,25
336,47,161,21
337,47,279,12
338,47,209,12
339,47,233,8
340,47,288,26
341,47,251,15
342,48,213,6
343,48,153,22
344,48,248,21
345,48,284,25
346,48,227,28
347,49,25,6
348,49,163,17
349,49,268,20
350,49,175,25
351,49,154,26
352,50,85,27
353,50,243,30
354,50,242,15
355,50,90,21
356,50,55,10
357,51,58,15
358,51,66,20
359,51,64,7
360,51,116,6
361,51,127,4
362,52,30,4
363,52,280,9
364,52,114,11
365,52,286,4
366,52,159,20
367,53,40,21
368,53,267,8
369,53,235,19
370,53,250,20
371,53,189,7
372,54,59,28
373,54,100,3
374,54,60,28
375,54,206,5
376,54,140,28
377,55,45,5
378,55,244,19
379,55,221,5
380,55,156,30
381,55,167,27
382,55,137,20
383,56,48,21
384,56,121,30
385,56,70,30
386,56,266,1
387,56,101,6
388,57,45,22
389,57,76,14
390,57,260,9
391,57,204,7
392,57,192,12
393,57,294,3
394,57,254,28
395,57,238,8
396,57,249,21
397,57,256,15
398,58,90,5
399,58,162,16
400,58,298,22
401,58,212,8
402,58,220,23
403,58,100,23
404,59,169,11
405,59,205,19
406,59,168,25
407,59,148,17
408,59,223,12
409,60,243,12
410,60,99,23
411,60,184,14
412,60,188,14
413,60,266,8
414,61,39,29
415,61,97,12
416,61,163,10
417,61,164,12
418,61,200,23
419,61,159,6
420,62,43,6
421,62,82,6
422,62,254,29
423,62,248,14
424,62,97,22
425,62,216,26
426,63,50,26
427,63,210,27
428,63,293,14
429,63,80,22
430,63,149,29
431,63,53,4
432,64,70,27
433,64,65,25
434,64,86,12
435,64,83,7
436,64,210,8
437,64,99,23
438,65,61,13
439,65,120,17
440,65,292,10
441,65,247,30
442,65,180,18
443,66,91,6
444,66,234,11
445,66,119,1
446,66,243,3
447,66,112,20
448,67,78,9
449,67,90,17
450,67,208,19
451,67,287,5
452,67,254,1
453,67,170,8
454,68,44,5
455,68,172,16
456,68,241,20
457,68,275,29
458,68,156,20
459,69,133,28
460,69,198,11
461,69,208,17
462,69,213,5
463,69,130,22
464,69,197,6
465,70,126,11
466,70,135,27
467,70,78,8
468,70,293,21
469,70,81,28
470,70,233,18
471,70,104,18
472,70,116,11
473,70,56,4
474,70,259,1
475,71,46,8
476,71,73,4
477,71,298,17
478,71,217,14
479,71,80,19
480,71,77,28
481,71,33,13
482,71,212,9
483,71,145,13
484,71,202,12
485,72,40,30
486,72,75,25
487,72,218,27
488,72,273,24
489,72,192,12
490,72,253,8
491,73,221,11
492,73,150,21
493,73,100,22
494,73,191,7
495,73,122,30
496,74,40,23
497,74,75,10
498,74,110,1
499,74,231,15
500,74,199,26
501,74,198,25
502,74,289,14
503,74,32,16
504,74,238,11
505,74,80,13
506,75,81,13
507,75,131,14
508,75,143,28
509,75,215,10
510,75,106,11
511,75,60,12
512,76,146,27
513,76,150,20
514,76,280,3
515,76,247,8
516,76,268,4
517,76,85,8
518,76,118,26
519,76,77,28
520,76,290,29
521,76,50,25
522,77,91,19
523,77,176,29
524,77,123,30
525,77,235,27
526,77,291,4
527,77,254,12
528,78,80,12
529,78,234,18
530,78,296,8
531,78,186,18
532,78,209,7
533,78,111,1
534,79,78,18
535,79,103,30
536,79,284,14
537,79,108,12
538,79,205,12
539,80,279,13
540,80,176,3
541,80,217,7
542,80,286,29
543,80,114,9
544,81,145,22
545,81,148,27
546,81,131,2
547,81,135,25
548,81,299,11
549,81,276,10
550,82,123,20
551,82,245,24
552,82,292,3
553,82,278,21
554,82,258,20
555,82,43,4
556,82,84,30
557,82,284,2
558,82,80,15
559,82,114,30
560,83,57,8
561,83,115,6
562,83,294,12
563,83,204,26
564,83,143,23
565,83,27,29
566,83,42,18
567,83,297,2
568,83,60,4
569,83,188,30
570,84,50,7
571,84,115,12
572,84,112,20
573,84,235,8
574,84,160,22
575,84,202,4
576,84,241,14
577,84,48,19
578,84,153,27
579,84,65,10
580,85,168,11
581,85,210,19
582,85,295,22
583,85,161,17
584,85,90,30
585,85,289,7
586,85,188,21
587,85,286,8
588,85,147,6
589,85,163,5
590,86,61,16
591,86,106,22
592,86,158,8
593,86,295,24
594,86,258,22
595,86,97,14
596,87,51,22
597,87,143,23
598,87,184,22
599,87,132,27
600,87,231,23
601,87,70,8
602,87,159,12
603,87,262,27
604,87,23,7
605,87,245,4
606,88,77,18
607,88,143,9
608,88,151,24
609,88,236,18
610,88,136,12
611,88,44,1
612,88,124,17
613,88,26,12
614,88,106,8
615,88,162,13
616,89,70,21
617,89,122,14
618,89,245,11
619,89,279,10
620,89,240,29
621,90,116,21
622,90,149,30
623,90,226,19
624,90,130,21
625,90,188,9
626,90,44,22
627,91,158,17
628,91,244,21
629,91,211,18
630,91,261,19
631,91,254,5
632,91,4,7
633,91,18,14
634,91,147,26
635,91,240,28
636,91,169,28
637,92,50,9
638,92,297,15
639,92,166,23
640,92,130,20
641,92,223,5
642,92,207,14
643,92,259,24
644,92,279,30
645,92,181,6
646,92,266,26
647,93,91,30
648,93,142,10
649,93,190,16
650,93,232,10
651,93,131,16
652,93,118,19
653,94,75,4
654,94,210,20
655,94,288,25
656,94,252,18
657,94,161,4
658,94,226,4
659,95,62,10
660,95,188,23
661,95,276,7
662,95,286,23
663,95,187,21
664,96,48,3
665,96,102,13
666,96,207,29
667,96,231,3
668,96,229,25
669,96,3,16
670,97,98,8
671,97,118,6
672,97,235,3
673,97,254,28
674,97,107,1
675,98,103,3
676,98,182,16
677,98,236,4
678,98,292,27
679,98,152,28
680,98,118,13
681,99,78,17
682,99,124,26
683,99,258,30
684,99,213,11
685,99,218,11
686,100,147,5
687,100,160,22
688,100,130,8
689,100,277,18
690,100,228,24
691,101,78,18
692,101,118,24
693,101,124,17
694,101,132,14
695,101,257,24
696,101,114,15
697,102,170,20
698,102,264,24
699,102,110,12
700,102,247,30
701,102,267,30
702,102,44,26
703,102,295,8
704,102,268,11
705,102,16,16
706,102,85,13
707,103,119,10
708,103,194,27
709,103,141,6
710,103,289,13
711,103,192,30
712,103,138,14
713,104,88,5
714,104,106,4
715,104,189,27
716,104,266,16
717,104,265,20
718,104,19,26
719,105,97,19
720,105,203,23
721,105,216,28
722,105,258,14
723,105,146,25
724,105,21,29
725,106,134,8
726,106,258,7
727,106,184,4
728,106,296,23
729,106,113,2
730,106,263,15
731,107,91,16
732,107,158,17
733,107,222,15
734,107,115,8
735,107,197,4
736,107,56,16
737,107,72,7
738,107,39,20
739,107,117,11
740,107,105,19
741,108,90,21
742,108,151,12
743,108,273,11
744,108,243,11
745,108,208,8
746,108,98,9
747,108,9,6
748,108,16,5
749,108,211,1
750,108,158,23
751,109,69,8
752,109,138,28
753,109,159,18
754,109,269,4
755,109,213,28
756,109,77,29
757,110,112,29
758,110,288,8
759,110,294,18
760,110,233,10
761,110,298,4
762,111,97,21
763,111,130,15
764,111,251,19
765,111,234,8
766,111,164,1
767,111,79,28
768,112,63,19
769,112,163,21
770,112,159,24
771,112,202,26
772,112,215,13
773,113,56,9
774,113,197,1
775,113,246,15
776,113,253,1
777,113,289,17
778,113,26,17
779,114,65,8
780,114,297,29
781,114,213,17
782,114,232,7
783,114,192,29
784,115,147,20
785,115,173,19
786,115,220,28
787,115,261,29
788,115,229,12
789,115,119,5
790,116,183,17
791,116,275,30
792,116,224,3
793,116,119,29
794,116,211,29
795,116,42,9
796,117,102,13
797,117,271,21
798,117,288,18
799,117,235,27
800,117,294,14
801,117,258,3
802,118,183,11
803,118,238,16
804,118,227,21
805,118,171,5
806,118,295,16
807,118,190,3
808,119,127,7
809,119,223,23
810,119,282,27
811,119,279,18
812,119,178,3
813,119,253,11
814,120,200,10
815,120,174,5
816,120,217,21
817,120,228,13
818,120,259,21
819,120,229,27
820,121,98,3
821,121,284,15
822,121,230,26
823,121,143,2
824,121,156,23
825,121,59,21
826,122,238,10
827,122,190,25
828,122,142,2
829,122,139,4
830,122,246,5
831,123,131,23
832,123,196,20
833,123,238,27
834,123,297,20
835,123,198,14
836,124,259,16
837,124,214,12
838,124,203,7
839,124,287,15
840,124,257,5
841,124,126,4
842,125,78,23
843,125,131,25
844,125,177,8
845,125,292,7
846,125,212,7
847,125,230,24
848,126,139,18
849,126,277,11
850,126,128,5
851,126,264,6
852,126,236,28
853,127,204,25
854,127,233,19
855,127,166,22
856,127,260,12
857,127,190,23
858,127,220,1
859,127,248,18
860,127,37,20
861,127,62,10
862,127,130,6
863,128,75,30
864,128,244,2
865,128,234,23
866,128,136,3
867,128,155,16
868,128,228,17
869,129,87,7
870,129,186,19
871,129,192,30
872,129,231,9
873,129,259,24
874,129,286,27
875,129,56,22
876,129,250,21
877,129,184,18
878,129,32,14
879,130,245,24
880,130,253,13
881,130,240,29
882,130,267,12
883,130,195,5
884,130,140,3
885,131,162,14
886,131,170,30
887,131,237,26
888,131,211,1
889,131,160,2
890,131,124,13
891,131,20,2
892,131,122,8
893,131,278,21
894,131,251,30
895,132,174,19
896,132,143,6
897,132,236,25
898,132,251,2
899,132,288,26
900,132,66,9
901,132,99,10
902,132,241,10
903,132,177,5
904,132,253,10
905,133,218,10
906,133,288,17
907,133,135,13
908,133,192,1
909,133,150,9
910,134,238,12
911,134,141,29
912,134,294,26
913,134,212,12
914,134,177,9
915,135,161,13
916,135,229,12
917,135,249,24
918,135,204,18
919,135,270,27
920,135,188,5
921,136,128,12
922,136,152,6
923,136,295,18
924,136,195,19
925,136,175,10
926,137,79,25
927,137,167,25
928,137,193,18
929,137,272,14
930,137,215,14
931,138,142,20
932,138,173,11
933,138,258,27
934,138,275,3
935,138,247,28
936,139,162,17
937,139,163,28
938,139,295,19
939,139,257,13
940,139,274,18
941,139,245,16
942,139,106,14
943,139,49,21
944,139,159,23
945,139,121,15
946,140,133,13
947,140,182,25
948,140,279,22
949,140,217,18
950,140,238,29
951,140,164,8
952,141,88,21
953,141,199,10
954,141,164,11
955,141,179,25
956,141,206,13
957,141,110,16
958,142,168,8
959,142,281,20
960,142,143,1
961,142,192,2
962,142,236,29
963,142,29,21
964,142,100,11
965,142,27,6
966,142,224,2
967,142,132,19
968,143,233,26
969,143,164,7
970,143,184,7
971,143,145,5
972,143,249,11
973,144,102,16
974,144,164,8
975,144,192,8
976,144,167,23
977,144,228,14
978,145,252,18
979,145,251,19
980,145,256,14
981,145,161,1
982,145,202,10
983,145,30,27
984,146,167,27
985,146,206,22
986,146,265,3
987,146,286,6
988,146,202,1
989,146,217,7
990,147,269,5
991,147,257,11
992,147,265,26
993,147,285,29
994,147,276,6
995,148,172,9
996,148,168,22
997,148,182,4
998,148,212,2
999,148,233,8
1000,149,236,24
1001,149,190,21
1002,149,192,25
1003,149,257,5
1004,149,181,3
1005,149,54,23
1006,149,245,16
1007,149,50,30
1008,149,194,22
1009,149,179,14
1010,150,166,1
1011,150,298,1
1012,150,221,7
1013,150,213,24
1014,150,293,24
1015,150,255,9
1016,150,165,12
1017,150,94,30
1018,150,155,24
1019,150,152,22
1020,151,265,25
1021,151,218,2
1022,151,229,1
1023,151,266,22
1024,151,246,5
1025,151,3,7
1026,152,171,19
1027,152,245,12
1028,152,195,15
1029,152,228,4
1030,152,194,14
1031,152,163,25
1032,152,246,4
1033,152,202,10
1034,152,49,17
1035,152,54,26
1036,153,148,29
1037,153,262,12
1038,153,157,10
1039,153,252,29
1040,153,183,22
1041,154,128,8
1042,154,231,24
1043,154,292,21
1044,154,217,27
1045,154,180,4
1046,154,119,30
1047,155,131,16
1048,155,175,22
1049,155,265,12
1050,155,219,4
1051,155,176,22
1052,155,207,24
1053,155,202,1
1054,155,88,24
1055,155,110,4
1056,155,48,20
1057,156,120,21
1058,156,268,11
1059,156,274,12
1060,156,194,8
1061,156,228,19
1062,157,109,22
1063,157,223,29
1064,157,235,8
1065,157,276,10
1066,157,168,26
1067,157,40,19
1068,157,241,6
1069,157,33,2
1070,157,146,16
1071,157,76,6
1072,158,121,29
1073,158,221,12
1074,158,264,5
1075,158,207,17
1076,158,279,23
1077,158,143,2
1078,159,285,22
1079,159,257,27
1080,159,237,13
1081,159,160,10
1082,159,194,8
1083,159,117,28
1084,160,142,12
1085,160,206,30
1086,160,232,11
1087,160,286,27
1088,160,192,11
1089,160,161,27
1090,160,282,23
1091,160,188,1
1092,160,101,14
1093,160,217,14
1094,161,205,27
1095,161,168,11
1096,161,238,20
1097,161,201,6
1098,161,189,26
1099,162,244,21
1100,162,247,15
1101,162,241,22
1102,162,275,2
1103,162,225,22
1104,162,232,12
1105,163,230,12
1106,163,184,26
1107,163,220,5
1108,163,271,25
1109,163,167,17
1110,164,114,12
1111,164,235,28
1112,164,259,25
1113,164,183,20
1114,164,201,20
1115,165,149,1
1116,165,197,3
1117,165,280,5
1118,165,180,12
1119,165,214,14
1120,166,97,25
1121,166,280,12
1122,166,232,5
1123,166,215,4
1124,166,217,3
1125,166,258,18
1126,166,251,16
1127,166,253,13
1128,166,161,13
1129,166,79,12
1130,167,267,28
1131,167,297,1
1132,167,257,6
1133,167,244,20
1134,167,168,15
1135,167,280,8
1136,167,264,20
1137,167,271,9
1138,167,51,25
1139,167,107,3
1140,168,102,13
1141,168,234,10
1142,168,188,16
1143,168,216,8
1144,168,296,10
1145,168,14,27
1146,168,30,22
1147,168,56,30
1148,168,136,22
1149,168,42,23
1150,169,161,17
1151,169,213,1
1152,169,298,23
1153,169,228,13
1154,169,275,21
1155,169,8,12
1156,169,108,13
1157,169,279,14
1158,169,190,24
1159,169,99,7
1160,170,221,20
1161,170,177,20
1162,170,209,15
1163,170,231,21
1164,170,286,11
1165,171,253,21
1166,171,255,23
1167,171,296,30
1168,171,291,7
1169,171,207,17
1170,171,8,9
1171,171,88,17
1172,171,290,5
1173,171,289,29
1174,171,193,15
1175,172,205,12
1176,172,221,28
1177,172,255,8
1178,172,213,16
1179,172,270,11
1180,172,251,26
1181,173,237,16
1182,173,269,8
1183,173,209,26
1184,173,175,4
1185,173,247,17
1186,173,42,17
1187,173,216,23
1188,173,277,10
1189,173,201,1
1190,173,285,14
1191,174,274,14
1192,174,239,4
1193,174,198,25
1194,174,192,29
1195,174,294,4
1196,175,133,21
1197,175,267,20
1198,175,256,12
1199,175,194,20
1200,175,284,11
1201,175,276,28
1202,176,109,28
1203,176,271,27
1204,176,205,14
1205,176,248,29
1206,176,261,30
1207,177,117,8
1208,177,210,10
1209,177,299,20
1210,177,243,20
1211,177,282,1
1212,177,147,21
1213,178,152,10
1214,178,187,14
1215,178,200,30
1216,178,183,10
1217,178,276,8
1218,179,148,6
1219,179,291,30
1220,179,233,27
1221,179,183,18
1222,179,257,15
1223,179,30,30
1224,180,103,19
1225,180,259,6
1226,180,199,9
1227,180,183,6
1228,180,233,3
1229,180,289,15
1230,180,31,2
1231,180,17,18
1232,180,276,22
1233,180,75,23
1234,181,166,14
1235,181,257,24
1236,181,223,27
1237,181,279,26
1238,181,220,4
1239,181,90,1
1240,182,116,27
1241,182,190,26
1242,182,201,6
1243,182,220,13
1244,182,221,9
1245,182,75,24
1246,183,241,16
1247,183,217,13
1248,183,282,23
1249,183,225,17
1250,183,200,9
1251,183,233,28
1252,183,122,2
1253,183,267,14
1254,183,52,21
1255,183,19,7
1256,184,162,17
1257,184,258,27
1258,184,262,4
1259,184,288,20
1260,184,267,14
1261,185,145,5
1262,185,220,9
1263,185,214,27
1264,185,217,7
1265,185,264,5
1266,185,35,30
1267,185,216,26
1268,185,24,3
1269,185,253,27
1270,185,192,8
1271,186,202,23
1272,186,294,6
1273,186,296,2
1274,186,232,1
1275,186,280,7
1276,186,176,27
1277,186,93,29
1278,186,203,22
1279,186,96,5
1280,186,275,3
1281,187,132,19
1282,187,235,29
1283,187,217,19
1284,187,216,11
1285,187,246,1
1286,187,241,5
1287,187,159,10
1288,187,15,30
1289,187,290,12
1290,187,9,1
1291,188,277,5
1292,188,256,5
1293,188,281,12
1294,188,253,19
1295,188,262,19
1296,188,51,16
1297,189,186,23
1298,189,237,17
1299,189,194,19
1300,189,231,5
1301,189,219,19
1302,189,188,10
1303,189,63,22
1304,189,276,11
1305,189,196,12
1306,189,4,14
1307,190,232,15
1308,190,296,2
1309,190,265,19
1310,190,199,5
1311,190,272,26
1312,191,113,30
1313,191,218,19
1314,191,296,23
1315,191,192,4
1316,191,263,25
1317,191,60,18
1318,191,96,29
1319,191,284,23
1320,191,134,29
1321,191,146,13
1322,192,137,14
1323,192,217,3
1324,192,226,7
1325,192,238,6
1326,192,230,2
1327,192,42,19
1328,193,116,13
1329,193,241,30
1330,193,228,22
1331,193,296,20
1332,193,278,24
1333,193,277,27
1334,193,120,5
1335,193,195,19
1336,193,200,4
1337,193,93,1
1338,194,259,5
1339,194,210,4
1340,194,237,23
1341,194,241,2
1342,194,230,12
1343,194,268,16
1344,194,224,9
1345,194,153,9
1346,194,58,21
1347,194,145,10
1348,195,170,26
1349,195,249,21
1350,195,270,23
1351,195,290,17
1352,195,218,7
1353,195,158,27
1354,196,119,23
1355,196,282,12
1356,196,231,2
1357,196,219,4
1358,196,255,4
1359,196,158,23
1360,196,177,25
1361,196,18,26
1362,196,212,29
1363,196,182,21
1364,197,259,21
1365,197,279,7
1366,197,206,14
1367,197,242,7
1368,197,221,17
1369,198,181,21
1370,198,292,5
1371,198,255,19
1372,198,253,2
1373,198,248,10
1374,198,55,5
1375,198,104,21
1376,198,21,13
1377,198,276,8
1378,198,29,24
1379,199,114,19
1380,199,238,11
1381,199,206,28
1382,199,232,11
1383,199,208,19
1384,199,48,23
1385,199,96,22
1386,199,175,27
1387,199,92,29
1388,199,130,14
1389,200,209,10
1390,200,212,18
1391,200,263,5
1392,200,222,5
1393,200,224,7
1394,201,279,5
1395,201,222,19
1396,201,228,19
1397,201,216,30
1398,201,277,25
1399,201,287,28
1400,201,65,24
1401,201,269,18
1402,201,90,29
1403,201,227,20
1404,202,249,25
1405,202,254,29
1406,202,280,9
1407,202,287,21
1408,202,273,17
1409,203,208,15
1410,203,212,3
1411,203,265,29
1412,203,279,1
1413,203,210,24
1414,203,244,17
1415,203,98,12
1416,203,66,5
1417,203,21,4
1418,203,237,26
1419,204,206,7
1420,204,252,7
1421,204,291,12
1422,204,205,24
1423,204,260,16
1424,204,241,15
1425,204,25,27
1426,204,183,10
1427,204,158,4
1428,204,79,22
1429,205,268,12
1430,205,298,2
1431,205,226,14
1432,205,241,24
1433,205,212,25
1434,205,57,12
1435,205,99,7
1436,205,61,6
1437,205,98,25
1438,205,217,13
1439,206,234,14
1440,206,260,11
1441,206,294,11
1442,206,262,20
1443,206,221,6
1444,207,120,23
1445,207,274,4
1446,207,283,6
1447,207,290,22
1448,207,292,30
1449,207,96,28
1450,208,226,2
1451,208,257,9
1452,208,229,17
1453,208,287,16
1454,208,225,16
1455,208,98,10
1456,208,288,1
1457,208,79,11
1458,208,26,15
1459,208,62,30
1460,209,282,28
1461,209,256,4
1462,209,288,4
1463,209,227,4
1464,209,219,28
1465,209,95,16
1466,209,226,27
1467,209,58,22
1468,209,232,23
1469,209,229,16
1470,210,155,24
1471,210,273,20
1472,210,258,10
1473,210,255,9
1474,210,265,14
1475,210,194,14
1476,210,219,10
1477,210,209,22
1478,210,126,19
1479,210,222,23
1480,211,188,6
1481,211,276,28
1482,211,253,26
1483,211,213,25
1484,211,260,27
1485,212,258,28
1486,212,247,25
1487,212,218,6
1488,212,219,16
1489,212,245,8
1490,213,243,22
1491,213,238,26
1492,213,293,30
1493,213,275,29
1494,213,218,3
1495,213,298,18
1496,213,236,17
1497,213,240,19
1498,213,94,20
1499,213,123,26
1500,214,189,25
1501,214,257,8
1502,214,262,16
1503,214,249,14
1504,214,295,20
1505,214,51,27
1506,215,162,15
1507,215,295,30
1508,215,291,9
1509,215,241,26
1510,215,221,8
1511,215,161,12
1512,216,188,29
1513,216,230,9
1514,216,219,24
1515,216,255,4
1516,216,298,6
1517,216,178,12
1518,217,233,4
1519,217,232,7
1520,217,265,7
1521,217,263,19
1522,217,290,13
1523,218,112,18
1524,218,232,6
1525,218,235,1
1526,218,228,24
1527,218,259,22
1528,218,45,21
1529,218,231,1
1530,218,287,14
1531,218,3,21
1532,218,102,5
1533,219,171,22
1534,219,236,5
1535,219,255,26
1536,219,270,14
1537,219,295,1
1538,219,202,29
1539,220,271,14
1540,220,250,14
1541,220,282,24
1542,220,270,29
1543,220,247,19
1544,220,184,4
1545,221,246,26
1546,221,227,19
1547,221,232,5
1548,221,253,10
1549,221,242,8
1550,221,153,10
1551,222,174,2
1552,222,258,3
1553,222,261,5
1554,222,226,22
1555,222,281,23
1556,223,178,27
1557,223,277,10
1558,223,273,2
1559,223,275,6
1560,223,232,14
1561,223,225,28
1562,224,138,11
1563,224,255,19
1564,224,229,24
1565,224,227,6
1566,224,248,30
1567,225,151,14
1568,225,291,2
1569,225,226,7
1570,225,242,29
1571,225,260,12
1572,226,184,6
1573,226,277,27
1574,226,257,16
1575,226,246,6
1576,226,292,7
1577,227,191,28
1578,227,256,3
1579,227,257,29
1580,227,244,14
1581,227,289,13
1582,227,89,25
1583,228,144,10
1584,228,291,24
1585,228,289,22
1586,228,246,7
1587,228,235,17
1588,229,252,23
1589,229,291,6
1590,229,276,12
1591,229,273,18
1592,229,298,7
1593,230,293,24
1594,230,242,10
1595,230,289,23
1596,230,231,22
1597,230,247,19
1598,230,37,10
1599,231,224,19
1600,231,290,2
1601,231,296,15
1602,231,288,19
1603,231,261,25
1604,231,286,2
1605,232,182,30
1606,232,299,12
1607,232,235,16
1608,232,238,29
1609,232,296,17
1610,232,253,21
1611,233,176,30
1612,233,271,3
1613,233,257,24
1614,233,261,11
1615,233,238,7
1616,233,280,4
1617,234,260,9
1618,234,276,11
1619,234,291,20
1620,234,252,14
1621,234,295,3
1622,234,257,13
1623,234,123,29
1624,234,35,29
1625,234,297,8
1626,234,292,13
1627,235,238,4
1628,235,254,29
1629,235,277,19
1630,235,244,5
1631,235,298,17
1632,235,200,8
1633,235,283,16
1634,235,166,15
1635,235,197,27
1636,235,119,9
1637,236,226,26
1638,236,274,6
1639,236,261,30
1640,236,282,25
1641,236,254,7
1642,236,245,11
1643,237,137,24
1644,237,266,14
1645,237,281,26
1646,237,289,21
1647,237,287,14
1648,237,251,1
1649,237,105,6
1650,237,181,28
1651,237,52,3
1652,237,55,24
1653,238,261,10
1654,238,297,25
1655,238,252,6
1656,238,267,29
1657,238,268,17
1658,238,179,27
1659,239,175,23
1660,239,294,15
1661,239,281,24
1662,239,247,27
1663,239,283,30
1664,240,184,26
1665,240,277,23
1666,240,265,25
1667,240,241,19
1668,240,298,1
1669,240,179,5
1670,241,255,29
1671,241,293,3
1672,241,269,1
1673,241,242,9
1674,241,268,25
1675,242,210,23
1676,242,250,1
1677,242,296,25
1678,242,283,30
1679,242,243,25
1680,242,170,29
1681,243,198,8
1682,243,250,13
1683,243,280,7
1684,243,278,27
1685,243,264,15
1686,243,197,4
1687,243,131,27
1688,243,279,15
1689,243,71,24
1690,243,84,2
1691,244,168,29
1692,244,276,8
1693,244,266,15
1694,244,271,22
1695,244,298,27
1696,245,273,14
1697,245,270,13
1698,245,281,4
1699,245,288,30
1700,245,293,26
1701,245,90,14
1702,246,130,5
1703,246,264,29
1704,246,295,18
1705,246,289,12
1706,246,297,29
1707,246,177,23
1708,247,138,1
1709,247,250,10
1710,247,280,27
1711,247,258,28
1712,247,275,21
1713,247,217,2
1714,248,181,5
1715,248,263,21
1716,248,282,28
1717,248,262,16
1718,248,290,24
1719,248,79,13
1720,249,141,3
1721,249,260,7
1722,249,281,9
1723,249,263,10
1724,249,273,1
1725,250,282,5
1726,250,263,21
1727,250,255,2
1728,250,252,2
1729,250,266,17
1730,250,233,19
1731,250,5,1
1732,250,141,12
1733,250,29,27
1734,250,257,6
1735,251,132,23
1736,251,266,4
1737,251,297,17
1738,251,269,11
1739,251,273,30
1740,252,293,17
1741,252,258,1
1742,252,290,3
1743,252,283,16
1744,252,275,2
1745,252,243,26
1746,252,221,30
1747,252,202,22
1748,252,276,17
1749,252,259,21
1750,253,182,13
1751,253,271,15
1752,253,269,11
1753,253,290,19
1754,253,277,11
1755,254,189,17
1756,254,281,25
1757,254,280,27
1758,254,273,26
1759,254,262,14
1760,255,275,14
1761,255,294,25
1762,255,278,4
1763,255,283,27
1764,255,298,25
1765,255,161,26
1766,255,265,13
1767,255,170,12
1768,255,193,8
1769,255,133,28
1770,256,267,26
1771,256,293,15
1772,256,272,12
1773,256,296,29
1774,256,279,11
1775,257,176,13
1776,257,275,25
1777,257,297,23
1778,257,263,8
1779,257,273,1
1780,257,0,4
1781,257,88,22
1782,257,138,13
1783,257,158,16
1784,257,299,27
1785,258,271,29
1786,258,280,29
1787,258,288,20
1788,258,282,13
1789,258,262,12
1790,259,283,16
1791,259,282,10
1792,259,263,16
1793,259,261,12
1794,259,265,11
1795,260,275,6
1796,260,294,6
1797,260,286,6
1798,260,264,11
1799,260,287,15
1800,260,219,7
1801,261,284,13
1802,261,294,13
1803,261,286,7
1804,261,290,23
1805,261,283,16
1806,261,217,26
1807,261,206,26
1808,261,192,30
1809,261,198,23
1810,261,297,10
1811,262,223,23
1812,262,280,7
1813,262,296,21
1814,262,273,9
1815,262,263,11
1816,262,152,8
1817,262,48,24
1818,262,161,17
1819,262,226,17
1820,262,138,12
1821,263,274,13
1822,263,284,19
1823,263,281,16
1824,263,270,22
1825,263,282,15
1826,264,282,4
1827,264,278,15
1828,264,268,7
1829,264,285,28
1830,264,267,11
1831,264,155,8
1832,264,100,4
1833,264,299,7
1834,264,43,28
1835,264,45,19
1836,265,271,5
1837,265,290,18
1838,265,294,20
1839,265,292,23
1840,265,288,23
1841,265,258,5
1842,266,283,14
1843,266,268,4
1844,266,269,30
1845,266,267,15
1846,266,276,7
1847,266,227,25
1848,267,273,9
1849,267,289,26
1850,267,295,10
1851,267,288,1
1852,267,272,27
1853,267,290,11
1854,268,295,6
1855,268,287,8
1856,268,288,24
1857,268,271,20
1858,268,293,10
1859,268,34,15
1860,269,279,28
1861,269,290,11
1862,269,291,1
1863,269,297,29
1864,269,286,14
1865,269,44,7
1866,270,194,1
1867,270,299,1
1868,270,293,17
1869,270,275,21
1870,270,286,1
1871,271,288,26
1872,271,283,26
1873,271,287,25
1874,271,272,18
1875,271,277,6
1876,272,236,1
1877,272,283,19
1878,272,275,5
1879,272,277,21
1880,272,273,3
1881,272,197,8
1882,272,210,6
1883,272,118,18
1884,272,189,21
1885,272,62,10
1886,273,281,10
1887,273,278,29
1888,273,290,25
1889,273,284,30
1890,273,274,27
1891,273,148,22
1892,274,193,20
1893,274,281,8
1894,274,295,28
1895,274,290,5
1896,274,296,9
1897,274,21,16
1898,274,263,23
1899,274,273,3
1900,274,289,19
1901,274,25,26
1902,275,289,1
1903,275,278,7
1904,275,290,1
1905,275,288,9
1906,275,286,1
1907,276,166,3
1908,276,282,19
1909,276,283,30
1910,276,290,4
1911,276,281,30
1912,276,33,15
1913,277,281,18
1914,277,278,30
1915,277,279,27
1916,277,298,22
1917,277,290,1
1918,278,265,21
1919,278,281,7
1920,278,284,24
1921,278,296,23
1922,278,280,14
1923,278,239,24
1924,279,298,19
1925,279,280,15
1926,279,297,11
1927,279,294,4
1928,279,290,26
1929,280,297,12
1930,280,299,12
1931,280,288,18
1932,280,287,15
1933,280,285,25
1934,280,190,29
1935,281,293,11
1936,281,294,14
1937,281,299,11
1938,281,287,12
1939,281,285,14
1940,281,50,22
1941,281,192,25
1942,281,57,1
1943,281,158,7
1944,281,70,28
1945,282,299,12
1946,282,287,19
1947,282,290,8
1948,282,291,16
1949,282,285,26
1950,282,253,30
1951,283,277,2
1952,283,293,9
1953,283,292,19
1954,283,298,23
1955,283,296,26
1956,284,285,2
1957,284,294,17
1958,284,289,11
1959,284,287,7
1960,284,293,6
1961,284,13,1
1962,284,161,25
1963,284,41,10
1964,284,156,28
1965,284,106,5
1966,285,295,13
1967,285,293,6
1968,285,290,4
1969,285,292,10
1970,285,286,6
1971,286,241,17
1972,286,299,6
1973,286,298,29
1974,286,297,22
1975,286,293,13
1976,286,192,16
1977,287,187,23
1978,287,289,30
1979,287,298,28
1980,287,293,28
1981,287,299,12
1982,287,211,1
1983,288,275,4
1984,288,295,7
1985,288,299,25
1986,288,289,26
1987,288,296,18
1988,289,235,6
1989,289,297,2
1990,289,291,29
1991,289,290,18
1992,289,292,27
1993,289,146,23
1994,290,261,8
1995,290,296,12
1996,290,297,20
1997,290,294,12
1998,290,291,10
1999,290,279,24
2000,291,299,11
2001,291,293,15
2002,291,292,14
2003,291,294,13
2004,291,298,1
2005,291,48,30
2006,291,282,15
2007,291,88,7
2008,291,297,10
2009,291,225,26
2010,292,297,27
2011,292,298,25
2012,292,296,22
2013,292,295,8
2014,292,293,14
2015,292,164,10
2016,293,296,28
2017,293,299,23
2018,293,295,11
2019,293,297,14
2020,293,298,18
2021,293,286,1
2022,293,70,21
2023,293,99,22
2024,293,203,9
2025,293,90,29
2026,294,245,19
2027,294,297,19
2028,294,299,1
2029,294,296,23
2030,294,298,25
2031,294,89,27
2032,294,9,19
2033,294,295,16
2034,294,174,30
2035,294,97,18
2036,295,237,3
2037,295,297,16
2038,295,299,24
2039,295,298,18
2040,295,296,23
2041,295,202,10
2042,296,297,8
2043,296,299,5
2044,296,298,15
2045,296,157,8
2046,296,58,24
2047,296,233,19
2048,297,219,7
2049,297,298,5
2050,297,299,15
2051,297,133,9
2052,297,40,27
2053,297,46,27
2054,297,56,29
2055,297,290,24
2056,297,192,18
2057,297,43,2
2058,298,200,1
2059,298,299,22
2060,298,237,2
2061,298,197,23
2062,298,50,26
2063,298,268,15
2064,299,184,27
2065,299,84,21
2066,299,13,23
2067,299,197,6
2068,299,288,30
2069,299,148,26
