0,0,443,4
1,231,375,49
2,597,91,47
3,178,61,42
4,568,997,66
5,811,3,57
6,176,620,27
7,977,203,99
8,671,349,19
9,434,26,20
10,275,494,97
11,117,541,5
12,352,901,83
13,83,511,96
14,387,57,92
15,560,560,94
16,701,490,3
17,830,585,18
18,536,175,76
19,681,252,2
20,503,61,100
21,868,515,4
22,642,536,7
23,180,234,9
24,157,684,26
25,95,113,8
26,90,334,10
27,278,815,69
28,205,448,21
29,484,683,1
30,756,248,6
31,215,131,5
32,910,247,76
33,201,867,98
34,490,269,98
35,197,525,49
36,39,826,5
37,96,636,1
38,572,399,50
39,730,14,9
40,719,116,64
41,64,114,91
42,736,736,26
43,558,569,46
44,773,340,98
45,814,698,68
46,295,109,87
47,317,689,9
48,679,207,8
49,745,70,86
50,570,508,4
51,719,752,22
52,325,539,6
53,933,933,74
54,286,371,10
55,652,160,68
56,251,689,7
57,148,1,58
58,720,512,59
59,692,977,11
60,993,389,11
61,614,743,98
62,216,210,19
63,169,11,11
64,24,371,6
65,923,931,93
66,944,635,66
67,465,465,44
68,449,929,17
69,880,673,26
70,961,214,10
71,299,143,3
72,156,779,8
73,192,889,100
74,275,112,6
75,946,676,5
76,493,19,28
77,24,144,7
78,861,861,87
79,40,793,90
80,789,504,94
81,145,48,3
82,116,719,55
83,724,784,5
84,964,557,6
85,837,169,7
86,339,636,7
87,497,45,31
88,849,707,85
89,650,382,15
90,718,705,5
91,708,2,4
92,467,881,29
93,167,617,32
94,320,897,10
95,699,699,26
96,572,668,4
97,541,759,6
98,406,433,4
99,959,931,7
100,642,916,6
101,227,263,5
102,669,762,83
103,557,572,6
104,283,815,54
105,15,555,77
106,672,919,8
107,869,869,10
108,595,502,3
109,560,560,39
110,259,439,3
111,458,777,8
112,636,339,9
113,688,505,4
114,252,252,5
115,898,38,1
116,688,487,94
117,791,369,8
118,817,393,39
119,297,808,66
120,124,822,11
121,745,70,91
122,43,420,12
123,318,220,45
124,285,257,8
125,371,727,3
126,975,49,25
127,44,302,63
128,206,212,98
129,458,760,92
130,600,855,26
131,796,434,13
132,735,910,70
133,792,174,98
134,941,648,3
135,480,583,80
136,46,927,37
137,34,818,32
138,941,897,8
139,382,414,85
140,101,51,12
141,572,117,8
142,847,573,27
143,332,142,9
144,938,893,56
145,272,796,3
146,505,158,19
147,178,446,100
148,89,306,9
149,540,528,4
150,951,320,9
151,618,159,5
152,515,931,1
153,755,175,3
154,728,201,28
155,712,845,21
156,236,850,8
157,211,187,39
158,572,663,68
159,165,136,80
160,96,339,97
161,462,332,2
162,203,625,43
163,833,537,5
164,275,551,35
165,424,229,99
166,134,686,8
167,880,934,30
168,883,434,69
169,751,695,6
170,477,993,50
171,670,412,81
172,859,548,2
173,241,564,10
174,78,249,48
175,580,47,9
176,727,774,11
177,528,334,2
178,943,10,13
179,467,706,10
180,383,653,58
181,158,644,91
182,536,614,8
183,631,645,12
184,249,860,48
185,922,184,50
186,610,488,34
187,489,489,61
188,187,484,92
189,723,723,76
190,286,600,1
191,258,238,79
192,129,57,43
193,516,520,93
194,132,223,57
195,19,212,88
196,701,722,74
197,241,331,80
198,909,135,14
199,920,860,80
200,880,709,3
201,357,67,77
202,55,677,5
203,961,515,2
204,759,706,10
205,615,33,39
206,789,572,3
207,889,700,37
208,609,407,97
209,638,90,3
210,827,133,81
211,897,920,10
212,874,986,78
213,222,227,2
214,449,669,2
215,394,588,47
216,352,189,3
217,769,22,8
218,837,958,33
219,493,462,97
220,372,154,9
221,45,20,18
222,565,388,50
223,522,327,13
224,599,624,84
225,710,421,2
226,918,124,58
227,284,989,57
228,238,258,85
229,150,49,77
230,579,214,2
231,879,913,7
232,859,859,67
233,415,675,42
234,172,901,72
235,713,507,64
236,97,960,9
237,591,308,93
238,914,807,8
239,493,791,6
240,375,430,59
241,582,239,8
242,642,328,12
243,780,795,68
244,245,585,20
245,264,604,61
246,614,988,67
247,215,274,3
248,439,923,8
249,461,959,4
250,360,873,70
251,732,427,69
252,488,376,82
253,443,0,9
254,959,209,57
255,706,39,2
256,962,962,79
257,162,180,8
258,278,922,99
259,739,739,22
260,295,639,4
261,118,562,68
262,914,936,9
263,408,248,1
264,483,259,10
265,46,805,97
266,294,941,57
267,244,660,82
268,71,33,100
269,796,356,71
270,602,333,1
271,354,152,93
272,839,583,7
273,329,896,100
274,716,214,3
275,932,499,4
276,346,259,98
277,383,761,74
278,671,536,9
279,678,839,8
280,288,210,96
281,703,776,22
282,153,963,80
283,677,740,19
284,913,108,2
285,205,137,58
286,464,964,7
287,945,883,11
288,508,141,17
289,490,125,1
290,95,215,9
291,312,439,33
292,440,594,16
293,368,111,79
294,453,481,43
295,898,104,91
296,346,636,1
297,683,17,17
298,153,566,20
299,992,992,62
300,628,750,7
301,941,756,3
302,554,682,8
303,759,503,90
304,97,540,10
305,8,438,9
306,850,844,8
307,502,913,6
308,31,451,38
309,857,28,29
310,483,364,3
311,560,950,9
312,36,583,2
313,769,613,35
314,601,158,89
315,642,900,8
316,795,7,43
317,949,363,77
318,834,492,57
319,526,414,30
320,332,178,6
321,824,105,87
322,706,614,5
323,688,67,10
324,981,836,8
325,885,458,44
326,290,816,38
327,210,288,11
328,281,285,7
329,211,187,33
330,37,712,4
331,960,814,6
332,183,23,57
333,495,291,77
334,789,422,51
335,204,407,5
336,149,824,54
337,145,683,1
338,510,104,85
339,642,433,100
340,276,54,67
341,729,246,66
342,463,627,99
343,874,914,5
344,464,596,62
345,639,295,7
346,837,758,70
347,74,263,9
348,166,528,8
349,336,389,4
350,464,16,98
351,272,916,52
352,241,806,100
353,576,51,5
354,626,80,41
355,90,709,7
356,627,645,44
357,736,670,57
358,120,458,18
359,999,995,76
360,423,742,49
361,295,836,99
362,405,875,93
363,765,298,94
364,983,845,13
365,835,916,10
366,992,772,73
367,295,505,3
368,285,281,8
369,557,140,81
370,44,531,4
371,185,402,69
372,493,769,7
373,182,964,2
374,638,984,29
375,488,474,90
376,123,362,11
377,973,707,78
378,487,278,3
379,544,233,6
380,632,304,18
381,698,652,59
382,992,319,19
383,268,177,79
384,835,747,50
385,920,792,1
386,134,259,1
387,135,466,60
388,490,125,4
389,691,495,37
390,594,818,76
391,631,405,8
392,710,769,8
393,290,671,2
394,239,274,8
395,727,607,71
396,255,60,69
397,426,674,82
398,582,16,7
399,73,364,71
400,142,618,1
401,36,557,10
402,93,93,42
403,201,763,3
404,639,68,2
405,880,574,48
406,911,793,31
407,221,539,10
408,230,681,5
409,346,700,77
410,322,322,12
411,325,27,6
412,372,515,1
413,600,287,100
414,191,634,63
415,509,524,99
416,695,241,8
417,801,923,5
418,96,290,2
419,712,558,23
420,379,170,63
421,901,172,71
422,553,969,72
423,296,542,78
424,924,330,13
425,104,952,67
426,663,497,21
427,586,52,63
428,819,960,6
429,759,923,8
430,787,583,2
431,557,36,7
432,523,965,97
433,364,960,64
434,344,58,5
435,71,155,7
436,671,638,8
437,241,498,60
438,632,879,92
439,351,521,37
440,671,359,35
441,308,767,51
442,879,103,4
443,348,834,82
444,317,333,2
445,835,928,93
446,191,965,94
447,972,203,56
448,588,394,64
449,504,572,5
450,457,682,6
451,791,579,9
452,853,66,10
453,112,736,97
454,256,867,1
455,768,239,6
456,61,633,2
457,374,191,94
458,905,482,35
459,858,64,45
460,297,808,55
461,962,141,4
462,875,683,8
463,125,846,3
464,446,104,24
465,862,5,52
466,195,945,24
467,295,780,91
468,722,495,89
469,306,446,3
470,656,656,24
471,629,506,92
472,259,134,1
473,541,214,97
474,619,846,2
475,434,434,90
476,755,481,38
477,706,667,92
478,93,543,73
479,851,993,6
480,952,476,35
481,424,185,9
482,481,606,61
483,96,753,70
484,920,900,3
485,27,404,9
486,145,187,21
487,14,444,1
488,46,68,93
489,298,757,37
490,582,432,6
491,809,770,55
492,688,50,99
493,136,322,56
494,528,266,8
495,918,124,61
496,552,616,8
497,108,676,81
498,715,715,12
499,528,103,10
500,90,828,77
501,779,843,35
502,473,363,93
503,870,464,9
504,0,561,5
505,919,554,1
506,339,8,6
507,759,214,6
508,602,507,70
509,339,897,10
510,671,951,92
511,265,343,5
512,91,597,49
513,504,161,7
514,600,368,87
515,483,814,6
516,724,80,72
517,762,412,62
518,579,504,8
519,308,308,40
520,953,841,72
521,614,766,10
522,750,397,1
523,295,242,64
524,37,485,16
525,430,375,91
526,555,15,9
527,83,842,50
528,264,72,15
529,91,597,98
530,264,397,5
531,316,316,2
532,723,440,10
533,360,344,8
534,37,943,42
535,11,18,75
536,173,684,32
537,986,501,65
538,536,866,78
539,796,122,16
540,67,909,56
541,396,910,70
542,519,713,91
543,251,406,1
544,614,988,33
545,642,320,2
546,15,953,23
547,149,411,69
548,627,645,53
549,144,864,4
550,787,801,95
551,778,649,8
552,298,498,21
553,85,85,12
554,998,447,100
555,155,960,93
556,320,951,8
557,68,837,3
558,272,27,8
559,407,82,41
560,396,949,24
561,48,934,51
562,137,231,33
563,38,129,60
564,588,274,88
565,206,21,48
566,119,838,7
567,936,532,64
568,356,676,29
569,419,521,9
570,324,78,50
571,733,568,99
572,454,563,22
573,194,262,16
574,764,583,1
575,369,819,8
576,399,365,30
577,176,150,74
578,498,933,38
579,262,194,87
580,814,857,50
581,511,143,5
582,108,913,6
583,437,683,38
584,493,814,7
585,839,142,9
586,148,126,42
587,657,852,49
588,710,587,3
589,569,983,97
590,801,526,54
591,552,188,5
592,621,944,84
593,643,463,91
594,984,760,8
595,63,576,14
596,536,618,99
597,512,720,34
598,993,336,61
599,838,119,2
600,216,623,96
601,304,32,29
602,725,327,86
603,990,780,24
604,739,848,22
605,423,3,43
606,96,661,4
607,838,539,95
608,193,783,94
609,725,258,22
610,205,991,8
611,507,602,33
612,519,457,8
613,509,957,99
614,206,237,54
615,483,923,5
616,729,45,79
617,96,729,88
618,835,658,7
619,371,851,6
620,430,420,24
621,14,751,52
622,216,668,2
623,410,848,9
624,712,168,95
625,964,678,95
626,757,749,46
627,978,99,3
628,47,15,18
629,924,15,97
630,400,400,1
631,932,825,30
632,631,683,7
633,698,28,55
634,594,723,64
635,515,372,10
636,727,199,97
637,994,968,83
638,883,26,100
639,846,125,3
640,338,286,99
641,668,583,4
642,799,667,7
643,332,524,1
644,914,695,99
645,96,240,99
646,850,730,7
647,446,166,7
648,122,676,73
649,526,650,14
650,716,926,6
651,789,326,34
652,182,238,99
653,499,932,73
654,211,939,81
655,71,615,70
656,986,250,56
657,710,93,63
658,673,592,91
659,772,198,71
660,117,267,79
661,536,100,91
662,196,738,42
663,186,409,73
664,558,194,54
665,899,415,77
666,609,407,85
667,913,257,1
668,594,594,15
669,923,439,7
670,948,960,46
671,318,293,79
672,901,985,23
673,929,948,91
674,920,897,6
675,83,831,92
676,333,439,6
677,493,801,8
678,709,629,2
679,862,496,18
680,916,767,2
681,388,565,91
682,467,39,96
683,29,316,17
684,982,982,14
685,263,819,9
686,572,399,75
687,228,901,56
688,171,768,94
689,812,387,68
690,792,119,95
691,30,436,78
692,140,663,56
693,769,367,33
694,600,368,91
695,272,305,42
696,497,839,21
697,601,394,63
698,651,361,39
699,112,139,37
700,518,400,76
701,769,233,93
702,558,630,23
703,247,247,70
704,85,329,39
705,947,27,91
706,962,991,72
707,204,970,4
708,730,504,4
709,707,849,96
710,511,672,3
711,222,371,2
712,951,667,1
713,920,78,73
714,678,730,6
715,631,683,4
716,202,930,74
717,897,103,6
718,995,813,19
719,328,918,33
720,464,841,68
721,218,624,48
722,169,18,15
723,394,861,54
724,867,728,82
725,814,960,3
726,707,37,20
727,178,584,64
728,878,358,4
729,636,69,47
730,835,747,8
731,132,223,9
732,161,14,2
733,613,613,62
734,301,440,25
735,703,428,40
736,746,746,15
737,668,923,3
738,295,990,50
739,296,82,82
740,131,710,8
741,942,792,7
742,701,291,71
743,276,740,29
744,44,991,58
745,808,156,70
746,397,583,9
747,346,759,5
748,182,864,97
749,792,282,70
750,814,632,5
751,271,972,59
752,223,974,11
753,820,336,8
754,509,653,40
755,600,216,6
756,882,504,1
757,462,259,8
758,898,724,1
759,63,128,3
760,658,153,96
761,352,228,19
762,198,823,64
763,264,362,57
764,843,93,17
765,897,941,7
766,627,884,31
767,37,801,9
768,843,779,7
769,160,335,28
770,67,135,37
771,633,686,70
772,636,450,10
773,384,439,1
774,739,700,24
775,531,350,10
776,593,454,20
777,668,346,9
778,464,425,24
779,158,309,31
780,335,857,32
781,121,611,68
782,225,521,99
783,576,680,14
784,486,486,13
785,990,990,3
786,966,761,79
787,71,624,18
788,237,613,80
789,751,221,7
790,288,200,22
791,701,870,7
792,690,61,55
793,490,750,10
794,832,55,86
795,671,724,4
796,125,745,33
797,688,67,99
798,564,708,76
799,947,589,88
800,453,606,1
801,916,90,7
802,595,531,8
803,272,292,13
804,264,362,39
805,648,58,5
806,204,131,95
807,939,187,77
808,443,541,2
809,290,523,88
810,14,926,4
811,301,626,15
812,903,54,1
813,785,39,87
814,866,481,74
815,244,660,76
816,352,63,91
817,964,79,7
818,183,165,99
819,687,704,57
820,145,44,9
821,680,101,96
822,162,799,8
823,649,515,9
824,839,306,10
825,166,25,4
826,904,803,48
827,575,414,61
828,645,354,20
829,638,826,96
830,169,11,90
831,572,519,1
832,652,62,28
833,623,787,10
834,728,146,65
835,914,221,10
836,218,624,41
837,142,926,2
838,705,876,2
839,727,677,13
840,941,80,60
841,733,914,8
842,23,165,39
843,131,740,50
844,541,220,60
845,243,685,30
846,732,501,62
847,356,122,3
848,575,462,8
849,870,477,74
850,444,648,6
851,320,642,7
852,744,452,100
853,279,337,10
854,801,526,78
855,348,707,97
856,255,266,7
857,751,767,1
858,906,106,58
859,653,598,5
860,255,733,7
861,128,134,9
862,128,716,4
863,580,87,70
864,727,769,7
865,897,978,2
866,772,586,24
867,131,398,3
868,880,334,95
869,35,914,39
870,587,227,91
871,898,104,99
872,515,461,7
873,504,197,28
874,753,529,9
875,505,527,6
876,259,439,7
877,36,504,7
878,710,93,79
879,215,554,6
880,364,548,47
881,67,50,5
882,48,531,2
883,259,515,10
884,593,95,7
885,712,1000,96
886,59,321,5
887,959,410,93
888,545,127,88
889,964,979,91
890,5,459,56
891,225,351,38
892,597,287,100
893,688,432,3
894,533,553,100
895,414,769,51
896,451,322,54
897,946,883,96
898,483,275,10
899,250,986,38
900,53,987,48
901,286,764,9
902,882,787,6
903,453,866,20
904,312,73,37
905,483,671,5
906,590,167,29
907,229,608,55
908,900,586,26
909,251,689,97
910,115,775,99
911,405,683,10
912,288,288,30
913,518,777,2
914,769,544,98
915,801,414,36
916,255,186,16
917,695,188,2
918,651,186,73
919,706,877,18
920,71,384,97
921,976,522,75
922,706,799,97
923,733,616,91
924,610,84,30
925,243,284,76
926,903,903,30
927,688,50,41
928,75,975,10
929,672,432,1
930,839,154,4
931,48,913,4
932,411,149,70
933,902,222,5
934,312,726,7
935,733,874,6
936,792,997,58
937,321,227,3
938,582,307,2
939,345,829,9
940,870,993,10
941,125,70,98
942,519,507,27
943,350,531,3
944,295,990,94
945,820,774,37
946,58,334,10
947,663,365,5
948,131,579,3
949,636,69,69
950,559,151,61
951,632,705,99
952,668,959,7
953,880,90,7
954,890,612,51
955,208,943,84
956,980,76,71
957,627,564,63
958,138,671,20
959,629,553,74
960,45,240,52
961,406,978,1
962,658,926,93
963,3,423,62
964,218,155,98
965,572,421,6
966,355,133,27
967,4,892,30
968,704,208,42
969,446,951,7
970,112,117,3
971,345,345,67
972,594,114,73
973,15,555,60
974,678,730,4
975,284,269,81
976,392,76,28
977,38,766,92
978,83,937,30
979,236,514,1
980,730,317,1
981,421,541,2
982,89,79,1
983,117,1000,59
984,831,307,2
985,646,736,30
986,929,551,48
987,173,906,80
988,336,465,5
989,879,826,6
990,490,123,18
991,749,765,17
992,583,668,10
993,531,44,4
994,915,313,54
995,259,960,10
996,380,380,21
997,60,942,6
998,413,271,87
999,632,8,9
1000,947,205,9
1001,511,864,5
1002,142,332,4
1003,650,802,34
1004,136,322,9
1005,536,38,8
1006,275,632,3
1007,614,358,99
1008,937,86,35
1009,588,158,18
1010,479,210,37
1011,737,429,60
1012,941,174,9
1013,208,943,18
1014,108,806,6
1015,483,461,5
1016,385,703,28
1017,74,960,2
1018,234,499,98
1019,376,454,83
1020,493,275,5
1021,587,995,87
1022,801,844,100
1023,955,133,61
1024,899,252,99
1025,27,767,7
1026,178,107,67
1027,154,931,6
1028,505,264,5
1029,874,942,100
1030,939,508,72
1031,610,727,9
1032,640,413,30
1033,638,733,7
1034,84,930,18
1035,784,64,82
1036,272,916,9
1037,271,551,31
1038,974,197,3
1039,838,914,9
1040,166,552,3
1041,572,365,1
1042,524,898,8
1043,47,924,34
1044,222,16,5
1045,706,38,8
1046,486,118,14
1047,791,384,7
1048,89,679,8
1049,358,366,10
1050,482,460,63
1051,784,255,9
1052,338,902,98
1053,69,482,29
1054,148,126,73
1055,485,485,64
1056,985,341,98
1057,681,252,10
1058,672,870,9
1059,145,484,93
1060,216,764,6
1061,484,975,20
1062,120,885,23
1063,516,113,67
1064,63,575,3
1065,746,441,25
1066,490,343,100
1067,839,333,7
1068,61,633,12
1069,819,438,10
1070,50,794,56
1071,831,299,6
1072,160,698,83
1073,964,275,3
1074,588,588,11
1075,338,46,2
1076,514,545,10
1077,182,258,100
1078,346,603,40
1079,21,373,73
1080,790,198,18
1081,898,438,92
1082,467,706,1
1083,360,325,10
1084,143,299,7
1085,222,554,6
1086,538,582,97
1087,706,938,84
1088,204,580,6
1089,29,565,82
1090,639,527,7
1091,461,332,93
1092,561,339,9
1093,916,183,76
1094,170,411,41
1095,493,921,20
1096,716,164,52
1097,475,718,7
1098,610,47,7
1099,59,307,4
1100,870,492,69
1101,870,477,1
1102,545,173,27
1103,188,695,10
1104,216,245,31
1105,933,765,64
1106,671,567,64
1107,204,609,6
1108,818,34,26
1109,85,804,69
1110,860,115,19
1111,401,533,58
1112,613,748,38
1113,909,135,55
1114,112,670,56
1115,66,221,3
1116,538,516,10
1117,931,959,5
1118,27,272,2
1119,724,90,9
1120,277,754,92
1121,833,537,12
1122,346,96,3
1123,145,205,6
1124,90,784,5
1125,335,160,13
1126,154,718,9
1127,352,668,4
1128,671,567,4
1129,837,958,10
1130,161,751,6
1131,483,65,1
1132,278,815,90
1133,125,752,16
1134,584,584,52
1135,127,224,32
1136,756,578,8
1137,648,58,1
1138,391,506,8
1139,978,334,5
1140,658,153,91
1141,427,501,67
1142,25,60,3
1143,614,878,5
1144,914,720,3
1145,789,730,92
1146,205,44,7
1147,514,236,9
1148,203,386,21
1149,587,276,10
1150,900,772,31
1151,11,908,42
1152,406,536,38
1153,126,400,19
1154,548,312,70
1155,575,182,10
1156,181,936,99
1157,968,562,45
1158,223,132,5
1159,184,915,4
1160,908,737,61
1161,266,255,4
1162,272,103,99
1163,467,718,94
1164,762,948,98
1165,724,723,88
1166,685,284,66
1167,519,261,66
1168,978,724,5
1169,645,741,16
1170,897,354,77
1171,286,902,1
1172,709,913,6
1173,685,269,28
1174,509,653,68
1175,854,487,7
1176,339,826,8
1177,315,273,61
1178,668,457,99
1179,394,394,74
1180,954,693,3
1181,674,664,45
1182,230,839,22
1183,275,155,10
1184,467,590,30
1185,128,142,10
1186,145,484,26
1187,916,456,98
1188,874,792,6
1189,793,40,42
1190,733,126,77
1191,600,545,5
1192,835,803,92
1193,979,101,46
1194,63,839,4
1195,400,786,5
1196,652,160,2
1197,242,888,27
1198,600,870,8
1199,775,417,57
1200,710,808,36
1201,33,599,71
1202,804,85,14
1203,551,656,97
1204,770,470,32
1205,397,274,10
1206,43,137,86
1207,536,453,55
1208,893,4,29
1209,914,181,15
1210,486,968,47
1211,727,993,5
1212,763,146,96
1213,18,908,67
1214,103,257,7
1215,847,573,17
1216,439,333,10
1217,595,913,3
1218,12,311,64
1219,678,227,4
1220,914,936,95
1221,471,478,6
1222,227,579,9
1223,829,749,26
1224,235,2,22
1225,161,467,6
1226,522,725,98
1227,736,646,54
1228,882,464,9
1229,145,939,43
1230,189,517,10
1231,278,46,3
1232,806,578,1
1233,338,12,75
1234,46,143,7
1235,445,504,79
1236,117,0,94
1237,527,189,9
1238,600,199,11
1239,338,311,76
1240,658,378,98
1241,759,690,15
1242,38,900,10
1243,155,819,100
1244,172,341,27
1245,275,669,91
1246,846,619,8
1247,44,302,35
1248,547,813,29
1249,222,850,2
1250,688,37,5
1251,900,270,6
1252,493,19,8
1253,784,25,98
1254,332,214,6
1255,835,631,6
1256,674,447,43
1257,178,898,8
1258,336,820,93
1259,24,764,7
1260,609,542,22
1261,794,466,68
1262,996,355,52
1263,65,379,55
1264,815,184,34
1265,418,13,81
1266,696,766,9
1267,243,41,72
1268,545,157,39
1269,125,352,4
1270,425,647,45
1271,144,610,8
1272,106,157,34
1273,901,985,26
1274,854,619,10
1275,898,8,99
1276,612,190,79
1277,880,792,1
1278,517,227,5
1279,335,857,54
1280,844,398,5
1281,296,711,21
1282,509,383,87
1283,631,648,95
1284,587,903,27
1285,569,630,31
1286,169,431,13
1287,120,120,44
1288,336,140,89
1289,201,728,44
1290,710,131,3
1291,610,454,89
1292,103,875,7
1293,271,905,72
1294,207,679,8
1295,322,322,7
1296,538,610,5
1297,389,465,100
1298,79,964,10
1299,721,328,55
1300,258,163,9
1301,650,773,98
1302,427,829,20
1303,837,573,18
1304,352,577,54
1305,659,879,1
1306,376,202,93
1307,558,654,45
1308,293,800,85
1309,868,439,2
1310,227,446,8
1311,636,450,50
1312,801,769,4
1313,278,487,3
1314,701,836,10
1315,307,317,1
1316,560,585,11
1317,554,321,2
1318,724,145,4
1319,856,810,7
1320,106,684,82
1321,778,372,10
1322,352,769,2
1323,629,13,59
1324,295,981,95
1325,71,33,49
1326,421,185,64
1327,511,338,2
1328,858,550,28
1329,846,764,2
1330,564,196,97
1331,298,749,84
1332,788,609,56
1333,670,139,68
1334,360,826,9
1335,451,550,68
1336,922,184,89
1337,254,945,44
1338,653,468,67
1339,491,754,10
1340,878,473,56
1341,740,999,98
1342,444,344,7
1343,393,470,82
1344,769,759,10
1345,103,99,3
1346,920,115,50
1347,584,871,1
1348,629,418,92
1349,230,681,87
1350,47,964,2
1351,30,30,25
1352,196,2,95
1353,459,292,47
1354,545,619,97
1355,717,165,32
1356,769,613,63
1357,632,980,39
1358,526,194,57
1359,803,928,9
1360,557,493,4
1361,541,318,62
1362,448,137,13
1363,564,738,64
1364,280,963,45
1365,572,96,1
1366,131,215,3
1367,84,202,94
1368,96,706,2
1369,775,324,38
1370,259,483,1
1371,771,22,89
1372,668,386,56
1373,450,460,57
1374,838,817,15
1375,600,917,83
1376,177,282,27
1377,295,837,9
1378,321,128,3
1379,483,726,90
1380,733,539,77
1381,575,579,9
1382,733,518,80
1383,876,595,7
1384,125,189,99
1385,514,851,10
1386,421,621,29
1387,259,406,5
1388,461,642,5
1389,346,461,6
1390,976,258,1
1391,369,630,87
1392,573,289,48
1393,547,774,54
1394,753,45,5
1395,256,728,72
1396,842,894,47
1397,109,990,37
1398,571,571,95
1399,62,438,82
1400,91,855,56
1401,649,778,6
1402,502,880,3
1403,37,274,100
1404,179,389,62
1405,835,205,9
1406,642,822,81
1407,487,846,7
1408,373,21,96
1409,36,579,9
1410,134,333,2
1411,978,334,9
1412,69,438,15
1413,920,631,2
1414,631,627,56
1415,822,94,17
1416,270,472,7
1417,852,869,73
1418,703,385,22
1419,362,604,32
1420,236,389,81
1421,161,39,6
1422,255,491,82
1423,723,440,77
1424,204,82,86
1425,753,661,33
1426,492,173,57
1427,380,183,76
1428,155,612,91
1429,312,859,98
1430,80,605,65
1431,887,829,37
1432,247,949,96
1433,37,208,100
1434,636,435,72
1435,867,763,39
1436,828,863,25
1437,782,452,97
1438,727,199,19
1439,637,86,80
1440,343,83,10
1441,169,431,13
1442,476,31,86
1443,889,42,55
1444,471,260,6
1445,490,685,68
1446,38,916,1
1447,951,472,10
1448,50,864,100
1449,810,110,80
1450,709,592,21
1451,620,75,66
1452,886,894,25
1453,480,748,52
1454,475,961,9
1455,757,331,47
1456,142,716,5
1457,737,737,19
1458,661,729,41
1459,96,835,1
1460,98,387,21
1461,712,536,1
1462,241,498,47
1463,715,821,80
1464,759,96,4
1465,647,715,58
1466,841,15,73
1467,672,851,1
1468,140,497,37
1469,960,8,2
1470,636,38,6
1471,801,483,3
1472,683,99,98
1473,931,39,10
1474,849,834,41
1475,169,610,3
1476,239,527,5
1477,880,709,1
1478,879,767,2
1479,428,479,23
1480,71,317,94
1481,759,439,100
1482,655,574,56
1483,1000,267,89
1484,334,90,4
1485,817,809,47
1486,358,878,4
1487,73,726,78
1488,887,250,11
1489,461,955,55
1490,659,879,8
1491,505,352,3
1492,545,125,7
1493,597,368,12
1494,751,947,3
1495,140,455,69
1496,913,404,3
1497,455,663,61
1498,227,839,7
1499,137,388,11
1500,631,683,6
1501,178,332,3
1502,384,433,8
1503,364,726,94
1504,592,565,71
1505,163,976,56
1506,724,476,81
1507,306,438,1
1508,485,485,65
1509,110,877,86
1510,631,103,10
1511,46,927,61
1512,944,621,12
1513,923,154,94
1514,859,312,75
1515,321,839,10
1516,792,997,8
1517,734,655,75
1518,756,103,1
1519,767,916,3
1520,204,711,69
1521,497,77,84
1522,692,692,78
1523,274,397,6
1524,923,744,84
1525,111,111,9
1526,880,945,11
1527,189,457,3
1528,37,10,63
1529,691,291,14
1530,505,204,8
1531,723,34,22
1532,958,758,97
1533,345,885,3
1534,612,416,59
1535,281,578,3
1536,427,829,79
1537,668,178,8
1538,787,321,7
1539,407,999,94
1540,460,342,8
1541,631,354,4
1542,46,256,58
1543,408,108,4
1544,389,389,1
1545,65,824,7
1546,364,138,37
1547,762,929,32
1548,654,630,26
1549,187,226,42
1550,35,419,70
1551,898,935,61
1552,941,60,6
1553,945,734,19
1554,882,554,1
1555,325,122,35
1556,967,87,31
1557,94,253,31
1558,493,712,2
1559,833,12,29
1560,483,859,76
1561,810,811,75
1562,461,178,7
1563,865,359,6
1564,134,372,8
1565,561,444,1
1566,152,925,18
1567,145,709,2
1568,802,773,7
1569,892,938,97
1570,284,970,58
1571,253,234,7
1572,565,388,44
1573,538,24,9
1574,216,245,49
1575,48,875,5
1576,724,605,1
1577,409,361,86
1578,668,275,3
1579,558,755,94
1580,658,611,69
1581,707,849,69
1582,109,795,31
1583,352,519,5
1584,155,890,14
1585,970,971,4
1586,596,413,57
1587,443,339,6
1588,815,619,83
1589,5,305,40
1590,279,290,7
1591,575,513,46
1592,870,672,3
1593,735,949,41
1594,197,525,5
1595,855,288,13
1596,838,770,91
1597,596,640,20
1598,194,697,36
1599,398,587,7
1600,709,29,85
1601,27,221,1
1602,921,237,24
1603,432,688,1
1604,429,956,84
1605,410,799,8
1606,37,397,92
1607,952,31,87
1608,972,905,91
1609,611,81,73
1610,182,346,1
1611,572,497,58
1612,502,913,8
1613,294,918,64
1614,105,105,51
1615,339,766,10
1616,610,37,7
1617,275,868,92
1618,538,727,5
1619,836,981,9
1620,55,447,90
1621,10,665,7
1622,433,689,6
1623,576,51,47
1624,14,926,10
1625,563,687,73
1626,131,504,7
1627,275,814,5
1628,583,961,7
1629,241,405,1
1630,392,392,97
1631,587,769,10
1632,117,1000,8
1633,399,140,48
1634,969,571,82
1635,65,149,62
1636,612,827,45
1637,396,396,47
1638,173,173,55
1639,275,449,31
1640,507,577,5
1641,317,679,1
1642,701,691,81
1643,551,449,89
1644,129,98,24
1645,712,346,3
1646,993,851,10
1647,369,317,1
1648,272,305,72
1649,38,57,55
1650,945,195,36
1651,506,391,4
1652,462,128,10
1653,921,19,44
1654,871,347,61
1655,835,38,10
1656,485,704,73
1657,710,464,5
1658,253,499,56
1659,905,972,23
1660,585,560,90
1661,16,660,16
1662,320,23,21
1663,44,141,38
1664,126,126,56
1665,538,520,2
1666,779,413,81
1667,989,269,90
1668,410,234,49
1669,411,170,20
1670,821,979,59
1671,411,149,10
1672,727,832,78
1673,705,344,3
1674,236,967,72
1675,494,333,5
1676,947,874,8
1677,604,783,49
1678,405,666,90
1679,352,228,11
1680,346,700,98
1681,801,178,2
1682,490,265,91
1683,458,714,31
1684,777,148,13
1685,218,599,21
1686,734,565,34
1687,706,205,3
1688,718,659,9
1689,835,643,38
1690,919,307,8
1691,571,13,4
1692,46,146,15
1693,985,953,88
1694,338,311,36
1695,454,930,75
1696,990,795,36
1697,162,166,99
1698,87,998,64
1699,103,695,6
1700,24,113,2
1701,668,625,55
1702,245,585,63
1703,564,738,32
1704,785,598,85
1705,646,139,4
1706,987,987,15
1707,418,571,30
1708,356,122,70
1709,797,20,58
1710,741,486,21
1711,894,842,60
1712,826,38,2
1713,939,484,52
1714,182,976,36
1715,901,227,71
1716,771,367,21
1717,580,967,95
1718,501,250,59
1719,993,179,54
1720,704,845,85
1721,346,483,8
1722,65,162,7
1723,682,457,9
1724,177,268,5
1725,601,158,11
1726,306,819,8
1727,874,60,98
1728,464,47,7
1729,490,264,5
1730,638,714,70
1731,545,514,10
1732,96,561,92
1733,268,997,9
1734,874,986,88
1735,580,87,88
1736,628,971,2
1737,464,764,91
1738,371,771,31
1739,549,133,57
1740,227,730,5
1741,560,972,41
1742,880,232,52
1743,134,333,4
1744,541,6,46
1745,361,754,54
1746,712,983,93
1747,498,331,33
1748,92,991,80
1749,320,823,90
1750,910,949,6
1751,827,660,77
1752,144,36,7
1753,835,643,97
1754,338,511,3
1755,385,776,41
1756,90,863,2
1757,824,686,90
1758,575,63,2
1759,836,672,4
1760,136,550,78
1761,868,931,9
1762,396,363,97
1763,607,940,51
1764,237,762,88
1765,446,957,7
1766,255,792,4
1767,386,513,2
1768,278,283,9
1769,750,628,7
1770,381,873,39
1771,227,716,3
1772,705,879,3
1773,732,732,58
1774,837,68,1
1775,814,335,3
1776,406,528,6
1777,791,493,10
1778,44,257,99
1779,518,786,87
1780,526,138,57
1781,442,99,8
1782,722,919,80
1783,852,869,95
1784,589,521,63
1785,373,212,6
1786,112,898,7
1787,561,941,1
1788,559,220,87
1789,382,650,4
1790,154,926,8
1791,593,24,3
1792,424,621,69
1793,29,565,98
1794,1,126,81
1795,950,200,14
1796,812,874,30
1797,419,395,56
1798,530,817,1
1799,834,469,8
1800,705,756,1
1801,920,838,3
1802,779,808,92
1803,112,540,5
1804,204,587,6
1805,162,234,13
1806,796,350,99
1807,464,882,2
1808,538,385,11
1809,985,172,51
1810,931,154,9
1811,425,911,39
1812,629,401,86
1813,65,14,92
1814,751,595,2
1815,920,724,3
1816,44,578,100
1817,541,220,58
1818,721,328,55
1819,851,398,7
1820,264,882,92
1821,990,990,59
1822,902,236,8
1823,258,329,79
1824,727,580,5
1825,47,474,10
1826,349,865,43
1827,658,706,9
1828,677,940,45
1829,808,843,54
1830,182,789,1
1831,259,410,7
1832,216,200,94
1833,655,945,16
1834,779,808,99
1835,931,659,3
1836,804,896,83
1837,509,370,28
1838,710,545,2
1839,129,790,42
1840,709,29,58
1841,2,694,4
1842,108,578,6
1843,712,117,1
1844,568,268,90
1845,851,850,8
1846,691,722,47
1847,40,577,2
1848,392,32,11
1849,769,445,97
1850,535,603,85
1851,103,756,10
1852,870,216,3
1853,712,467,10
1854,315,783,24
1855,434,434,16
1856,467,947,1
1857,421,402,71
1858,724,978,8
1859,838,221,99
1860,597,855,41
1861,511,831,9
1862,638,38,2
1863,33,403,40
1864,762,551,64
1865,144,527,4
1866,956,431,84
1867,22,748,9
1868,494,868,10
1869,801,587,5
1870,395,419,27
1871,636,279,94
1872,894,840,28
1873,661,45,27
1874,721,822,25
1875,248,875,4
1876,902,16,8
1877,706,162,7
1878,182,258,18
1879,435,478,78
1880,743,743,74
1881,738,196,95
1882,839,561,8
1883,724,784,1
1884,106,684,16
1885,956,431,38
1886,272,303,55
1887,610,563,39
1888,814,372,92
1889,557,415,97
1890,709,285,98
1891,938,164,9
1892,399,77,50
1893,418,533,93
1894,893,110,19
1895,532,936,15
1896,423,423,67
1897,142,957,2
1898,169,11,13
1899,959,706,10
1900,636,632,6
1901,631,564,10
1902,716,848,3
1903,592,934,34
1904,84,488,71
1905,749,298,98
1906,352,182,7
1907,561,941,5
1908,91,930,29
1909,801,398,96
1910,194,782,38
1911,770,741,83
1912,169,59,92
1913,338,600,2
1914,870,688,9
1915,217,922,91
1916,352,692,38
1917,880,574,91
1918,90,136,27
1919,642,689,91
1920,317,14,2
1921,140,519,34
1922,878,473,40
1923,241,298,100
1924,905,856,82
1925,462,439,9
1926,146,146,3
1927,519,263,95
1928,797,591,27
1929,818,818,5
1930,540,320,6
1931,74,868,4
1932,467,96,9
1933,307,128,2
1934,519,507,59
1935,864,649,2
1936,835,747,51
1937,808,808,2
1938,403,33,34
1939,779,362,10
1940,407,609,48
1941,178,907,91
1942,554,839,3
1943,536,433,9
1944,213,581,59
1945,652,335,61
1946,205,43,64
1947,700,635,54
1948,16,764,8
1949,782,744,42
1950,971,970,10
1951,797,591,66
1952,293,800,83
1953,609,609,28
1954,841,203,84
1955,648,442,3
1956,673,592,76
1957,404,257,3
1958,205,375,37
1959,816,965,47
1960,175,755,70
1961,483,923,8
1962,138,859,96
1963,826,270,10
1964,682,333,5
1965,493,212,20
1966,525,132,70
1967,261,713,49
1968,745,116,86
1969,896,641,94
1970,429,429,59
1971,869,590,68
1972,898,581,27
1973,672,882,6
1974,589,395,5
1975,929,669,47
1976,139,670,59
1977,792,417,70
1978,668,682,100
1979,870,593,93
1980,202,454,23
1981,886,842,44
1982,892,938,39
1983,688,993,7
1984,540,524,4
1985,848,410,10
1986,880,58,98
1987,660,244,72
1988,38,129,94
1989,312,364,61
1990,796,405,5
1991,456,806,9
1992,769,572,8
1993,646,670,87
1994,839,475,8
1995,47,555,24
1996,294,721,78
1997,784,64,16
1998,239,321,10
1999,769,668,1
2000,389,547,79
2001,65,161,98
2002,12,833,39
2003,93,779,24
2004,565,29,13
2005,978,648,2
2006,272,5,71
2007,432,527,3
2008,919,672,5
2009,944,229,54
2010,338,311,59
2011,156,779,85
2012,305,303,40
2013,537,537,18
2014,727,527,96
2015,356,676,20
2016,38,57,41
2017,923,452,90
2018,76,53,83
2019,988,743,96
2020,36,504,6
2021,989,619,35
2022,517,321,3
2023,781,235,19
2024,706,709,5
2025,109,109,30
2026,145,595,93
2027,509,898,1
2028,511,256,57
2029,140,663,67
2030,272,756,93
2031,908,11,38
2032,701,291,27
2033,230,579,32
2034,475,848,9
2035,365,630,40
2036,99,442,8
2037,38,696,97
2038,629,405,6
2039,461,133,83
2040,209,856,3
2041,405,666,92
2042,372,721,11
2043,174,578,9
2044,821,680,57
2045,130,282,46
2046,405,666,38
2047,867,867,35
2048,215,730,1
2049,195,734,78
2050,661,45,17
2051,788,82,43
2052,509,159,9
2053,529,246,45
2054,893,565,87
2055,83,937,20
2056,961,659,4
2057,668,513,43
2058,90,913,92
2059,895,546,38
2060,583,931,7
2061,710,93,44
2062,687,704,38
2063,685,284,54
2064,458,984,80
2065,112,642,8
2066,660,660,39
2067,35,521,77
2068,434,356,84
2069,793,602,75
2070,588,158,26
2071,216,950,54
2072,838,770,17
2073,751,616,5
2074,276,813,96
2075,339,561,7
2076,978,391,10
2077,374,816,60
2078,923,194,90
2079,92,962,69
2080,848,667,10
2081,763,763,89
2082,527,397,6
2083,205,231,53
2084,889,192,93
2085,724,48,94
2086,205,344,93
2087,125,752,9
2088,38,874,6
2089,710,156,87
2090,772,992,97
2091,580,87,70
2092,541,636,7
2093,484,508,89
2094,596,413,44
2095,6,6,84
2096,238,976,67
2097,411,686,64
2098,564,196,11
2099,178,872,96
2100,555,330,46
2101,528,166,7
2102,485,687,7
2103,920,891,67
2104,900,947,6
2105,602,261,69
2106,113,169,4
2107,310,510,75
2108,568,177,52
2109,68,805,2
2110,699,471,5
2111,736,885,86
2112,175,866,31
2113,105,824,44
2114,638,255,7
2115,398,844,6
2116,951,941,8
2117,10,704,90
2118,26,356,45
2119,690,121,25
2120,557,390,14
2121,842,894,19
2122,504,583,7
2123,544,789,2
2124,251,648,3
2125,916,502,98
2126,864,462,10
2127,940,607,50
2128,408,48,3
2129,37,264,5
2130,214,39,9
2131,796,44,4
2132,25,266,5
2133,131,882,7
2134,465,179,23
2135,923,744,12
2136,707,413,40
2137,460,895,65
2138,638,885,24
2139,275,669,26
2140,388,388,26
2141,460,895,61
2142,610,505,5
2143,748,33,69
2144,572,712,6
2145,480,613,83
2146,421,583,94
2147,628,619,4
2148,715,425,13
2149,632,987,43
2150,348,707,64
2151,596,715,77
2152,724,626,1
2153,701,441,71
2154,202,376,70
2155,519,71,1
2156,462,801,7
2157,338,833,19
2158,123,284,93
2159,394,394,38
2160,327,889,24
2161,381,380,71
2162,970,623,7
2163,922,184,1
2164,683,564,7
2165,297,156,72
2166,947,916,8
2167,761,598,95
2168,405,118,8
2169,687,687,29
2170,668,519,3
2171,104,581,87
2172,838,489,8
2173,47,787,2
2174,868,155,9
2175,441,291,77
2176,192,753,84
2177,561,360,4
2178,529,45,94
2179,9,56,99
2180,406,433,6
2181,96,659,8
2182,416,890,58
2183,593,16,8
2184,916,23,59
2185,980,980,100
2186,262,697,95
2187,243,41,18
2188,150,620,38
2189,346,42,58
2190,659,866,13
2191,151,220,47
2192,863,136,95
2193,923,452,81
2194,536,509,1
2195,65,467,7
2196,959,96,2
2197,715,640,76
2198,959,65,6
2199,155,827,37
2200,42,739,59
2201,446,540,4
2202,134,251,6
2203,957,360,4
2204,376,390,88
2205,604,362,34
2206,532,807,55
2207,595,205,9
2208,83,937,16
2209,980,304,18
2210,849,849,43
2211,838,809,24
2212,352,575,99
2213,669,656,83
2214,231,420,8
2215,878,920,9
2216,369,227,5
2217,967,998,52
2218,783,315,56
2219,539,221,8
2220,88,984,23
2221,352,47,5
2222,285,629,9
2223,155,868,3
2224,395,874,53
2225,46,837,9
2226,371,579,1
2227,997,130,86
2228,838,405,2
2229,704,665,53
2230,559,293,27
2231,193,783,90
2232,475,561,9
2233,329,326,14
2234,567,88,62
2235,724,564,8
2236,885,120,12
2237,897,119,9
2238,843,543,90
2239,801,712,5
2240,597,684,34
2241,491,754,49
2242,638,874,3
2243,864,37,2
2244,528,616,7
2245,182,307,97
2246,230,675,31
2247,810,661,76
2248,642,822,40
2249,187,570,58
2250,801,462,7
2251,858,863,65
2252,538,169,1
2253,888,109,27
2254,164,164,18
2255,947,241,3
2256,210,288,27
2257,709,405,9
2258,830,314,17
2259,83,338,5
2260,879,705,5
2261,563,488,48
2262,69,387,90
2263,105,149,85
2264,966,370,51
2265,793,261,6
2266,554,839,5
2267,457,519,10
2268,590,590,56
2269,503,690,19
2270,486,562,32
2271,338,870,7
2272,112,139,34
2273,242,239,90
2274,569,569,50
2275,914,188,99
2276,730,839,1
2277,155,923,3
2278,757,765,34
2279,326,329,24
2280,759,333,97
2281,661,294,29
2282,659,433,7
2283,759,503,51
2284,738,235,77
2285,746,441,83
2286,290,191,11
2287,59,239,2
2288,5,459,42
2289,72,362,27
2290,178,706,4
2291,240,529,43
2292,599,403,95
2293,63,89,1
2294,256,763,30
2295,869,617,55
2296,578,257,10
2297,616,221,6
2298,378,611,53
2299,437,354,97
2300,46,927,76
2301,90,108,100
2302,529,729,81
2303,719,745,33
2304,158,644,72
2305,759,61,57
2306,874,501,84
2307,812,129,22
2308,155,416,29
2309,835,360,40
2310,893,110,79
2311,729,529,60
2312,947,272,3
2313,953,227,54
2314,145,683,4
2315,165,717,30
2316,120,984,68
2317,872,871,52
2318,880,709,8
2319,709,741,71
2320,38,790,51
2321,421,621,28
2322,96,536,10
2323,878,473,92
2324,712,475,96
2325,961,410,1
2326,325,344,10
2327,467,617,21
2328,145,508,90
2329,451,863,43
2330,479,516,31
2331,24,593,9
2332,421,668,3
2333,875,248,9
2334,346,65,2
2335,166,853,6
2336,400,777,48
2337,853,539,8
2338,579,227,4
2339,397,264,5
2340,879,595,6
2341,766,913,4
2342,332,159,8
2343,290,251,98
2344,355,996,94
2345,162,638,9
2346,65,410,3
2347,481,755,49
2348,896,329,15
2349,871,347,35
2350,467,617,1
2351,337,803,1
2352,579,540,5
2353,538,703,73
2354,690,702,59
2355,405,486,31
2356,640,911,69
2357,659,96,7
2358,903,740,63
2359,307,778,1
2360,461,353,42
2361,395,225,67
2362,230,497,75
2363,573,30,52
2364,687,687,81
2365,362,273,65
2366,392,980,99
2367,164,43,6
2368,155,461,8
2369,557,769,4
2370,464,647,1
2371,426,447,88
2372,182,37,3
2373,302,302,81
2374,870,24,98
2375,861,189,30
2376,899,390,36
2377,166,58,10
2378,880,195,33
2379,524,826,9
2380,672,764,5
2381,175,866,10
2382,296,82,27
2383,984,437,40
2384,79,89,5
2385,842,842,22
2386,745,752,83
2387,352,692,37
2388,689,696,9
2389,384,161,4
2390,957,648,1
2391,731,962,69
2392,701,746,25
2393,629,391,97
2394,253,499,57
2395,169,113,2
2396,727,505,1
2397,405,248,94
2398,291,500,6
2399,515,320,1
2400,629,285,6
2401,428,776,97
2402,286,144,2
2403,204,215,97
2404,413,596,17
2405,522,725,83
2406,688,216,1
2407,112,207,94
2408,41,243,20
2409,631,724,3
2410,67,357,82
2411,538,703,88
2412,959,209,72
2413,788,609,19
2414,727,239,97
2415,929,8,77
2416,461,635,82
2417,504,730,5
2418,462,579,2
2419,677,882,61
2420,186,491,58
2421,31,952,98
2422,434,405,43
2423,784,723,64
2424,874,616,9
2425,287,597,62
2426,229,151,24
2427,748,646,23
2428,867,867,52
2429,482,69,15
2430,323,935,37
2431,642,162,7
2432,816,816,96
2433,490,204,4
2434,919,236,7
2435,404,806,10
2436,863,550,70
2437,421,944,99
2438,792,942,2
2439,773,168,33
2440,117,197,54
2441,62,335,36
2442,947,521,23
2443,712,569,39
2444,241,695,9
2445,378,963,17
2446,952,952,91
2447,668,907,39
2448,65,170,57
2449,143,46,6
2450,210,585,42
2451,43,137,73
2452,371,398,4
2453,467,852,14
2454,177,417,96
2455,110,4,70
2456,955,856,86
2457,156,297,29
2458,226,226,76
2459,383,966,8
2460,134,819,5
2461,487,854,5
2462,827,423,29
2463,302,731,53
2464,138,726,97
2465,541,318,12
2466,359,954,14
2467,461,133,37
2468,747,797,51
2469,600,286,4
2470,648,550,74
2471,851,504,7
2472,916,717,61
2473,184,922,64
2474,519,507,95
2475,57,272,42
2476,461,142,100
2477,893,164,1
2478,290,658,5
2479,958,30,91
2480,464,668,8
2481,193,193,53
2482,245,210,30
2483,80,605,87
2484,887,829,23
2485,913,709,7
2486,433,478,37
2487,804,804,76
2488,405,257,3
2489,671,320,98
2490,638,631,4
2491,124,982,54
2492,235,781,40
2493,589,225,33
2494,841,924,26
2495,122,883,80
2496,118,968,59
2497,863,828,4
2498,940,199,61
2499,117,207,1
2500,753,337,95
2501,162,94,75
2502,552,539,2
2503,576,51,29
2504,498,933,96
2505,432,582,6
2506,557,572,2
2507,162,94,80
2508,603,192,70
2509,107,107,92
2510,450,69,35
2511,944,185,83
2512,159,509,6
2513,814,160,64
2514,820,336,18
2515,47,841,95
2516,74,71,7
2517,341,901,29
2518,617,881,43
2519,806,404,9
2520,133,996,5
2521,495,691,55
2522,182,238,67
2523,993,47,5
2524,967,447,50
2525,178,759,2
2526,4,743,52
2527,785,872,69
2528,587,995,70
2529,441,441,88
2530,729,705,94
2531,631,645,91
2532,478,699,58
2533,113,95,8
2534,750,846,6
2535,970,204,6
2536,545,106,10
2537,536,453,95
2538,201,867,4
2539,399,77,91
2540,730,679,1
2541,733,518,86
2542,519,923,1
2543,130,177,55
2544,759,702,51
2545,494,372,9
2546,600,672,99
2547,710,264,6
2548,505,970,95
2549,426,998,35
2550,841,15,67
2551,947,35,84
2552,452,697,44
2553,347,213,94
2554,967,87,65
2555,590,881,51
2556,278,313,22
2557,831,919,7
2558,125,216,4
2559,733,792,6
2560,493,212,32
2561,310,104,28
2562,203,271,4
2563,801,414,8
2564,869,657,20
2565,580,850,92
2566,382,121,44
2567,961,450,65
2568,489,809,14
2569,24,538,8
2570,65,411,97
2571,149,686,93
2572,477,492,32
2573,517,189,9
2574,128,584,45
2575,947,395,26
2576,580,623,5
2577,148,1,93
2578,138,859,41
2579,492,348,95
2580,39,926,5
2581,919,582,10
2582,950,245,39
2583,63,227,4
2584,413,647,8
2585,307,864,3
2586,45,240,77
2587,477,849,31
2588,649,421,7
2589,320,799,5
2590,8,632,4
2591,798,98,66
2592,949,396,30
2593,450,482,36
2594,503,702,7
2595,727,464,2
2596,38,614,5
2597,484,187,10
2598,710,236,99
2599,969,418,29
2600,782,262,33
2601,326,422,47
2602,631,241,9
2603,107,907,11
2604,572,649,97
2605,324,775,22
2606,39,595,6
2607,759,61,43
2608,410,65,5
2609,445,61,31
2610,504,659,1
2611,959,848,92
2612,425,647,20
2613,300,321,5
2614,254,945,27
2615,593,222,2
2616,658,928,3
2617,404,796,3
2618,878,910,92
2619,357,50,70
2620,826,616,5
2621,718,926,8
2622,561,696,1
2623,630,569,93
2624,400,1,41
2625,540,112,5
2626,979,1000,71
2627,709,281,99
2628,222,300,10
2629,402,229,10
2630,6,151,86
2631,509,966,4
2632,545,846,98
2633,743,435,86
2634,54,903,27
2635,309,588,80
2636,182,668,9
2637,97,275,2
2638,782,190,19
2639,598,383,39
2640,916,165,55
2641,838,393,50
2642,326,641,41
2643,708,781,48
2644,366,358,2
2645,147,537,19
2646,527,330,71
2647,662,288,62
2648,688,909,25
2649,798,129,25
2650,360,472,4
2651,933,765,3
2652,814,28,66
2653,808,748,3
2654,993,336,51
2655,295,795,63
2656,186,361,76
2657,728,728,30
2658,791,960,3
2659,220,339,100
2660,345,760,38
2661,697,262,81
2662,610,84,82
2663,170,824,11
2664,638,760,92
2665,325,806,9
2666,835,879,4
2667,580,993,6
2668,474,555,66
2669,278,143,96
2670,777,518,18
2671,661,39,78
2672,130,130,22
2673,367,480,97
2674,272,631,7
2675,174,119,1
2676,217,283,69
2677,464,216,6
2678,90,136,57
2679,496,5,9
2680,808,944,46
2681,764,216,4
2682,668,386,13
2683,121,633,20
2684,751,444,1
2685,416,416,43
2686,317,384,4
2687,364,194,11
2688,880,502,6
2689,255,853,97
2690,858,550,61
2691,870,707,80
2692,807,936,85
2693,600,91,40
2694,475,716,2
2695,369,791,2
2696,821,979,27
2697,329,85,36
2698,572,399,34
2699,46,146,29
2700,128,227,1
2701,510,581,25
2702,870,492,53
2703,505,309,83
2704,241,404,97
2705,668,346,64
2706,288,950,81
2707,941,188,6
2708,278,283,9
2709,18,908,85
2710,171,295,10
2711,724,80,97
2712,290,279,9
2713,104,323,88
2714,561,438,4
2715,59,144,5
2716,21,206,99
2717,796,434,93
2718,647,911,73
2719,999,276,45
2720,35,419,5
2721,631,437,43
2722,859,312,66
2723,264,464,8
2724,961,346,5
2725,251,689,8
2726,205,880,3
2727,518,126,70
2728,45,753,95
2729,547,820,90
2730,868,494,10
2731,796,531,99
2732,636,614,5
2733,926,876,8
2734,311,147,41
2735,372,951,10
2736,616,695,5
2737,301,694,28
2738,896,896,82
2739,215,844,2
2740,430,430,34
2741,603,535,15
2742,38,826,9
2743,263,494,3
2744,125,517,92
2745,145,876,92
2746,964,576,69
2747,112,646,57
2748,898,510,78
2749,733,777,17
2750,178,785,91
2751,947,751,8
2752,758,436,13
2753,907,584,82
2754,917,91,43
2755,733,66,5
2756,134,848,8
2757,216,580,8
2758,882,79,6
2759,103,875,1
2760,85,326,52
2761,987,304,55
2762,636,337,96
2763,478,988,63
2764,837,95,100
2765,904,816,67
2766,831,511,8
2767,800,293,49
2768,718,337,6
2769,993,787,98
2770,650,414,61
2771,864,307,3
2772,23,23,75
2773,332,39,2
2774,456,502,10
2775,504,384,10
2776,659,279,3
2777,281,666,82
2778,103,631,5
2779,906,127,82
2780,199,662,35
2781,757,749,78
2782,557,369,91
2783,706,164,51
2784,464,413,46
2785,642,721,51
2786,339,897,1
2787,216,155,10
2788,545,580,7
2789,549,355,7
2790,554,89,7
2791,816,904,18
2792,369,306,5
2793,119,257,4
2794,221,914,2
2795,11,431,89
2796,870,348,63
2797,710,140,29
2798,195,232,31
2799,541,151,73
2800,815,217,4
2801,459,292,17
2802,708,196,86
2803,593,59,4
2804,636,920,3
2805,792,997,26
2806,678,36,5
2807,687,802,94
2808,707,348,67
2809,71,624,58
2810,683,49,10
2811,72,193,66
2812,169,710,1
2813,39,766,7
2814,548,726,35
2815,43,195,66
2816,747,797,4
2817,792,838,2
2818,47,769,9
2819,302,302,51
2820,203,513,72
2821,925,620,20
2822,355,549,39
2823,837,113,96
2824,524,978,2
2825,406,251,5
2826,638,458,73
2827,354,354,100
2828,204,710,3
2829,395,225,48
2830,826,360,10
2831,658,153,76
2832,638,345,71
2833,672,514,4
2834,733,518,16
2835,600,727,2
2836,204,296,96
2837,900,52,52
2838,703,520,20
2839,24,371,72
2840,409,754,25
2841,336,179,58
2842,790,387,83
2843,225,35,59
2844,886,637,88
2845,255,754,50
2846,346,134,94
2847,572,778,94
2848,505,971,93
2849,166,756,3
2850,616,552,5
2851,636,947,8
2852,718,705,8
2853,714,345,10
2854,864,384,7
2855,121,702,55
2856,681,415,41
2857,902,59,2
2858,341,692,50
2859,493,206,54
2860,683,975,99
2861,796,434,66
2862,164,110,36
2863,920,472,94
2864,733,552,92
2865,273,839,33
2866,882,457,8
2867,831,919,2
2868,541,716,91
2869,189,579,6
2870,575,544,9
2871,416,102,70
2872,224,173,23
2873,386,271,43
2874,900,444,99
2875,22,748,43
2876,801,802,50
2877,214,928,4
2878,937,840,94
2879,783,72,69
2880,308,747,96
2881,162,499,19
2882,993,321,98
2883,750,970,3
2884,671,642,2
2885,763,927,90
2886,90,136,39
2887,964,576,42
2888,659,718,5
2889,308,747,24
2890,587,999,17
2891,255,409,75
2892,880,655,78
2893,464,413,76
2894,291,691,97
2895,670,646,72
2896,771,771,29
2897,805,68,1
2898,614,471,60
2899,340,526,98
2900,290,965,60
2901,751,448,44
2902,47,555,32
2903,778,0,5
2904,155,959,6
2905,346,603,29
2906,44,405,10
2907,575,583,8
2908,710,572,10
2909,473,396,82
2910,432,764,2
2911,583,439,10
2912,232,254,84
2913,447,924,99
2914,756,248,3
2915,97,540,4
2916,947,225,79
2917,255,186,62
2918,814,62,59
2919,459,862,27
2920,732,887,10
2921,870,545,7
2922,853,60,2
2923,563,930,55
2924,604,783,78
2925,128,317,6
2926,898,310,12
2927,695,257,5
2928,711,788,61
2929,132,1000,72
2930,814,461,9
2931,444,751,9
2932,920,489,5
2933,87,967,70
2934,302,962,18
2935,640,596,3
2936,937,886,42
2937,241,796,6
2938,606,481,13
2939,139,9,95
2940,71,624,1
2941,202,202,32
2942,490,123,95
2943,101,51,26
2944,823,319,36
2945,724,31,39
2946,900,992,89
2947,309,601,15
2948,950,288,6
2949,759,658,6
2950,995,995,95
2951,683,150,24
2952,277,491,7
2953,898,524,1
2954,306,446,9
2955,971,300,6
2956,546,342,84
2957,629,13,61
2958,212,21,19
2959,942,60,8
2960,466,585,97
2961,964,117,2
2962,636,546,3
2963,658,280,54
2964,766,614,2
2965,462,214,2
2966,642,328,13
2967,613,771,62
2968,309,601,44
2969,666,994,86
2970,19,921,89
2971,896,641,72
2972,371,222,10
2973,856,811,92
2974,164,877,9
2975,538,432,94
2976,841,841,90
2977,755,100,87
2978,801,414,33
2979,532,181,61
2980,290,374,43
2981,735,473,52
2982,685,685,57
2983,188,578,8
2984,384,317,1
2985,488,930,99
2986,250,732,73
2987,701,628,99
2988,776,428,21
2989,769,579,5
2990,790,812,6
2991,957,524,2
2992,337,279,7
2993,789,804,33
2994,408,350,2
2995,135,389,90
2996,765,757,5
2997,959,810,24
2998,17,620,83
2999,750,846,3
3000,852,852,73
3001,275,669,62
3002,897,942,1
3003,537,534,89
3004,191,523,71
3005,145,226,10
3006,408,248,2
3007,505,861,75
3008,648,506,3
3009,998,664,5
3010,146,763,49
3011,752,830,15
3012,364,364,68
3013,601,644,95
3014,505,47,5
3015,471,260,36
3016,244,612,91
3017,712,845,86
3018,900,319,27
3019,963,81,41
3020,884,437,4
3021,969,401,21
3022,960,819,1
3023,403,556,44
3024,239,517,6
3025,266,942,10
3026,906,906,4
3027,714,760,75
3028,214,759,4
3029,987,32,61
3030,980,392,77
3031,272,459,11
3032,837,30,62
3033,264,668,5
3034,792,268,70
3035,557,415,68
3036,38,387,63
3037,759,65,9
3038,517,682,7
3039,858,863,26
3040,527,505,6
3041,706,892,29
3042,696,108,4
3043,826,767,5
3044,536,159,97
3045,764,16,7
3046,587,579,99
3047,292,863,80
3048,522,522,94
3049,15,555,96
3050,580,998,34
3051,335,28,63
3052,107,785,36
3053,75,975,6
3054,964,36,93
3055,720,219,100
3056,784,440,68
3057,388,29,47
3058,47,668,3
3059,146,201,28
3060,638,360,93
3061,510,510,36
3062,168,852,15
3063,205,709,5
3064,563,454,32
3065,627,437,66
3066,614,478,53
3067,993,572,9
3068,955,353,96
3069,688,278,2
3070,699,29,52
3071,668,386,82
3072,826,27,2
3073,124,721,41
3074,600,919,98
3075,874,241,3
3076,96,642,6
3077,709,388,28
3078,197,1000,34
3079,504,207,7
3080,462,384,10
3081,556,33,86
3082,339,751,8
3083,452,782,12
3084,619,16,7
3085,535,192,16
3086,675,681,41
3087,280,378,24
3088,645,627,97
3089,611,566,28
3090,507,602,59
3091,756,188,5
3092,947,419,48
3093,604,315,50
3094,93,297,63
3095,385,520,6
3096,464,572,8
3097,122,946,34
3098,70,116,84
3099,255,651,90
3100,920,270,93
3101,234,253,98
3102,761,468,76
3103,261,577,21
3104,10,778,58
3105,46,371,1
3106,481,755,30
3107,591,20,22
3108,835,913,45
3109,230,390,50
3110,898,632,1
3111,993,336,3
3112,789,544,7
3113,212,206,64
3114,698,62,8
3115,244,890,85
3116,275,762,96
3117,152,925,68
3118,730,682,4
3119,10,485,68
3120,787,462,5
3121,409,651,59
3122,182,522,88
3123,964,449,50
3124,19,237,21
3125,27,325,10
3126,614,709,1
3127,444,188,1
3128,47,79,99
3129,444,539,8
3130,727,371,7
3131,705,360,7
3132,517,839,7
3133,651,409,73
3134,730,718,4
3135,629,969,34
3136,755,453,35
3137,638,528,2
3138,306,97,3
3139,677,55,12
3140,155,416,64
3141,17,75,42
3142,900,586,76
3143,671,536,4
3144,991,377,100
3145,187,570,71
3146,141,92,79
3147,727,216,7
3148,557,668,6
3149,769,71,6
3150,63,475,3
3151,876,108,9
3152,787,579,8
3153,125,70,82
3154,891,933,98
3155,334,391,2
3156,606,100,26
3157,534,973,97
3158,417,568,60
3159,663,657,21
3160,104,935,81
3161,264,315,37
3162,986,829,78
3163,799,162,4
3164,969,969,51
3165,431,156,16
3166,818,594,36
3167,338,943,50
3168,214,716,1
3169,96,835,7
3170,523,965,93
3171,712,384,1
3172,602,793,28
3173,238,327,77
3174,557,390,51
3175,746,291,35
3176,751,605,11
3177,667,799,10
3178,587,813,76
3179,955,353,85
3180,628,619,6
3181,300,623,5
3182,130,282,70
3183,538,703,73
3184,629,784,8
3185,205,595,4
3186,994,741,61
3187,278,299,92
3188,633,912,29
3189,914,241,2
3190,571,13,48
3191,475,503,72
3192,467,659,92
3193,432,851,8
3194,573,289,47
3195,365,140,23
3196,188,442,9
3197,19,19,44
3198,556,218,51
3199,476,301,83
3200,430,43,38
3201,659,320,4
3202,668,625,35
3203,22,367,97
3204,86,937,65
3205,35,498,21
3206,279,928,2
3207,933,765,10
3208,482,450,75
3209,904,374,25
3210,575,79,6
3211,481,481,83
3212,84,601,56
3213,203,194,61
3214,632,76,1
3215,360,552,8
3216,464,425,43
3217,3,811,39
3218,72,315,84
3219,9,56,9
3220,111,855,45
3221,890,890,29
3222,631,884,89
3223,371,623,5
3224,117,443,94
3225,217,283,68
3226,275,112,1
3227,847,436,79
3228,26,122,39
3229,502,913,6
3230,71,814,9
3231,421,839,95
3232,583,97,9
3233,926,696,4
3234,785,872,36
3235,79,207,8
3236,113,131,7
3237,403,556,43
3238,433,536,5
3239,197,197,38
3240,918,982,28
3241,445,367,16
3242,91,597,23
3243,835,709,7
3244,51,821,22
3245,155,814,10
3246,628,274,5
3247,993,587,8
3248,716,803,9
3249,182,801,2
3250,920,324,25
3251,659,39,5
3252,422,896,58
3253,882,583,9
3254,472,270,7
3255,205,916,6
3256,668,636,8
3257,861,309,27
3258,636,290,1
3259,124,721,85
3260,495,500,4
3261,346,961,10
3262,683,442,98
3263,613,748,82
3264,348,477,74
3265,128,333,1
3266,170,379,58
3267,747,591,84
3268,131,649,6
3269,137,43,65
3270,626,605,31
3271,214,659,1
3272,162,499,57
3273,706,4,67
3274,80,605,55
3275,73,73,9
3276,252,252,24
3277,671,359,50
3278,194,194,59
3279,467,657,51
3280,433,826,5
3281,416,612,78
3282,112,679,95
3283,464,668,7
3284,447,426,16
3285,345,984,2
3286,901,985,54
3287,648,506,2
3288,415,252,71
3289,897,695,1
3290,168,558,81
3291,794,50,85
3292,769,789,1
3293,631,978,98
3294,163,769,60
3295,683,150,99
3296,38,272,1
3297,215,778,3
3298,229,229,58
3299,33,218,93
3300,407,609,73
3301,850,851,6
3302,66,942,3
3303,103,875,5
3304,649,443,9
3305,116,719,10
3306,489,530,76
3307,878,897,96
3308,656,929,3
3309,458,885,85
3310,600,610,10
3311,603,739,83
3312,763,256,45
3313,926,108,8
3314,245,585,99
3315,791,97,4
3316,715,583,86
3317,728,256,93
3318,338,870,2
3319,96,529,9
3320,538,216,10
3321,716,718,8
3322,112,638,8
3323,557,681,20
3324,974,197,86
3325,385,703,85
3326,802,382,55
3327,37,665,55
3328,101,622,47
3329,316,673,72
3330,143,371,7
3331,199,662,12
3332,160,28,97
3333,579,583,1
3334,483,97,99
3335,83,937,69
3336,137,231,24
3337,981,919,7
3338,634,904,62
3339,697,262,99
3340,764,868,9
3341,784,266,92
3342,502,997,33
3343,361,754,42
3344,512,512,60
3345,82,711,15
3346,257,578,5
3347,557,899,33
3348,540,446,3
3349,505,309,69
3350,731,962,87
3351,677,832,60
3352,426,447,88
3353,874,887,31
3354,916,880,6
3355,738,781,46
3356,610,371,96
3357,262,194,64
3358,272,90,9
3359,176,620,29
3360,807,720,38
3361,444,23,50
3362,512,807,88
3363,66,733,9
3364,670,412,20
3365,610,376,60
3366,632,987,63
3367,674,967,40
3368,52,198,25
3369,743,435,80
3370,71,74,1
3371,710,514,98
3372,899,899,91
3373,476,476,15
3374,697,190,18
3375,255,66,96
3376,887,986,89
3377,224,157,76
3378,352,901,26
3379,238,725,55
3380,320,270,8
3381,769,112,10
3382,321,787,1
3383,989,41,42
3384,680,51,39
3385,56,822,51
3386,756,248,2
3387,750,490,3
3388,111,368,23
3389,406,671,7
3390,724,90,4
3391,935,310,10
3392,121,729,29
3393,993,774,63
3394,215,227,10
3395,884,627,97
3396,883,434,19
3397,900,751,96
3398,11,431,34
3399,999,276,21
3400,6,151,45
3401,384,207,5
3402,982,294,49
3403,453,866,89
3404,47,89,95
3405,863,322,78
3406,787,47,1
3407,784,723,13
3408,541,443,3
3409,709,934,96
3410,153,566,39
3411,344,767,6
3412,463,430,97
3413,272,807,86
3414,582,850,4
3415,693,567,88
3416,277,651,51
3417,425,596,25
3418,135,601,87
3419,768,639,8
3420,724,408,95
3421,645,437,25
3422,27,334,6
3423,491,651,56
3424,39,913,10
3425,996,635,65
3426,610,144,9
3427,874,427,97
3428,290,406,93
3429,341,692,99
3430,355,133,46
3431,405,968,95
3432,816,523,58
3433,36,678,5
3434,467,161,1
3435,257,405,6
3436,71,712,3
3437,563,84,38
3438,524,957,5
3439,272,914,1
3440,147,849,54
3441,926,39,7
3442,421,461,10
3443,275,97,1
3444,781,708,93
3445,933,562,7
3446,928,658,9
3447,213,104,16
3448,178,540,99
3449,964,576,3
3450,784,391,9
3451,303,862,94
3452,493,128,100
3453,902,286,4
3454,674,87,44
3455,104,510,14
3456,63,233,2
3457,926,360,1
3458,263,74,3
3459,205,430,27
3460,842,637,97
3461,636,249,47
3462,639,768,6
3463,610,222,94
3464,401,553,38
3465,18,737,18
3466,714,277,61
3467,768,805,8
3468,986,887,48
3469,251,166,4
3470,249,860,78
3471,528,66,6
3472,374,523,87
3473,475,372,7
3474,413,425,78
3475,765,933,20
3476,636,920,2
3477,554,730,2
3478,133,955,96
3479,287,368,6
3480,528,638,4
3481,651,277,93
3482,671,567,35
3483,483,726,18
3484,169,144,96
3485,505,394,83
3486,268,268,29
3487,992,823,27
3488,928,803,8
3489,338,37,6
3490,718,689,4
3491,441,722,44
3492,545,906,82
3493,880,796,2
3494,511,672,2
3495,959,810,26
3496,758,958,1
3497,64,440,45
3498,910,247,62
3499,648,978,8
3500,767,344,7
3501,373,373,43
3502,947,325,94
3503,926,798,59
3504,120,858,4
3505,964,680,64
3506,878,473,31
3507,484,211,84
3508,9,412,14
3509,278,125,10
3510,947,724,2
3511,252,230,7
3512,20,643,51
3513,769,771,87
3514,418,553,44
3515,59,678,1
3516,216,210,75
3517,376,488,58
3518,824,824,47
3519,572,504,7
3520,572,467,1
3521,587,398,5
3522,195,655,18
3523,178,112,6
3524,252,230,64
3525,297,843,22
3526,876,456,3
3527,117,525,8
3528,290,634,76
3529,207,117,2
3530,241,749,30
3531,870,37,9
3532,223,197,41
3533,615,33,98
3534,322,451,86
3535,456,108,4
3536,276,54,48
3537,575,961,1
3538,308,797,92
3539,961,339,3
3540,6,293,56
3541,162,528,97
3542,322,863,2
3543,914,532,4
3544,3,3,3
3545,83,343,4
3546,205,767,93
3547,916,381,2
3548,677,607,84
3549,468,761,72
3550,494,154,3
3551,152,925,23
3552,153,280,72
3553,295,701,8
3554,837,30,43
3555,368,287,21
3556,17,176,19
3557,456,60,9
3558,383,370,94
3559,672,864,3
3560,780,109,57
3561,449,736,77
3562,16,494,8
3563,310,310,60
3564,264,554,100
3565,944,424,68
3566,879,835,6
3567,654,630,36
3568,640,455,28
3569,878,735,61
3570,884,765,26
3571,109,795,69
3572,37,421,9
3573,691,746,85
3574,514,623,4
3575,959,856,10
3576,264,604,42
3577,320,767,4
3578,316,934,100
3579,733,1,56
3580,947,914,6
3581,44,302,67
3582,456,108,1
3583,974,974,47
3584,464,519,3
3585,233,544,1
3586,502,404,2
3587,519,74,92
3588,632,835,2
3589,709,796,7
3590,107,107,49
3591,286,514,8
3592,444,876,7
3593,58,506,1
3594,189,352,6
3595,661,661,65
3596,751,978,9
3597,527,787,3
3598,579,769,7
3599,97,306,9
3600,253,180,5
3601,125,745,100
3602,683,875,2
3603,718,951,6
3604,882,583,8
3605,421,621,61
3606,794,794,6
3607,738,781,55
3608,623,300,7
3609,76,392,54
3610,709,388,32
3611,812,798,64
3612,461,353,91
3613,870,538,8
3614,970,398,8
3615,90,550,51
3616,30,573,91
3617,923,959,9
3618,156,808,98
3619,334,58,7
3620,683,17,20
3621,502,456,1
3622,141,302,56
3623,658,39,99
3624,490,123,96
3625,673,673,32
3626,189,787,10
3627,671,406,4
3628,727,587,1
3629,389,820,83
3630,771,445,94
3631,519,261,74
3632,456,108,3
3633,437,925,95
3634,149,105,77
3635,536,175,28
3636,44,377,46
3637,193,362,70
3638,547,820,49
3639,482,947,26
3640,498,749,49
3641,712,923,8
3642,564,99,10
3643,681,415,1
3644,37,943,53
3645,532,512,65
3646,241,765,19
3647,295,958,60
3648,753,246,68
3649,701,750,91
3650,178,509,2
3651,796,434,32
3652,171,639,92
3653,323,798,82
3654,232,655,8
3655,66,853,9
3656,299,222,2
3657,835,463,48
3658,204,296,50
3659,338,537,30
3660,266,25,8
3661,924,330,34
3662,623,580,9
3663,460,450,56
3664,834,210,82
3665,65,686,36
3666,256,763,36
3667,461,515,2
3668,483,73,48
3669,412,670,95
3670,361,409,46
3671,48,408,8
3672,874,732,74
3673,833,973,30
3674,131,397,1
3675,923,452,54
3676,642,920,5
3677,710,779,5
3678,82,542,31
3679,828,858,65
3680,178,785,6
3681,112,412,11
3682,324,891,17
3683,371,764,4
3684,81,153,75
3685,951,344,2
3686,39,706,3
3687,836,701,5
3688,182,575,7
3689,214,410,5
3690,98,387,59
3691,371,882,7
3692,41,125,95
3693,918,294,47
3694,37,864,5
3695,391,784,1
3696,727,607,39
3697,978,391,3
3698,326,85,73
3699,510,213,61
3700,689,790,51
3701,505,394,31
3702,305,496,41
3703,452,744,85
3704,407,82,31
3705,189,583,10
3706,583,339,2
3707,971,844,2
3708,645,627,53
3709,801,759,10
3710,929,551,36
3711,729,753,42
3712,702,503,19
3713,435,743,97
3714,876,350,4
3715,758,847,6
3716,438,8,2
3717,688,50,23
3718,919,850,10
3719,595,876,7
3720,789,641,81
3721,919,16,9
3722,834,357,30
3723,483,306,99
3724,421,649,2
3725,732,914,93
3726,527,239,10
3727,583,839,5
3728,436,758,15
3729,545,127,48
3730,64,723,70
3731,449,656,70
3732,384,712,2
3733,961,475,3
3734,895,342,43
3735,490,83,10
3736,770,393,72
3737,467,926,69
3738,87,674,54
3739,161,39,4
3740,614,366,97
3741,349,476,3
3742,579,74,10
3743,636,546,39
3744,762,669,81
3745,419,351,48
3746,412,670,98
3747,73,73,87
3748,580,998,74
3749,373,960,25
3750,611,963,60
3751,318,559,95
3752,432,864,5
3753,457,439,4
3754,236,300,8
3755,155,416,95
3756,866,100,52
3757,97,8,8
3758,814,515,93
3759,920,860,82
3760,688,854,96
3761,583,332,4
3762,484,211,21
3763,144,787,6
3764,495,722,33
3765,16,839,3
3766,704,10,12
3767,79,97,9
3768,212,373,99
3769,270,900,10
3770,789,804,94
3771,46,727,3
3772,795,795,74
3773,216,300,92
3774,274,839,10
3775,509,370,77
3776,128,462,3
3777,712,961,100
3778,339,941,55
3779,635,355,11
3780,824,411,100
3781,564,708,59
3782,610,557,9
3783,444,552,8
3784,784,818,42
3785,96,661,8
3786,614,988,91
3787,119,174,1
3788,47,801,4
3789,689,360,4
3790,616,874,8
3791,632,53,32
3792,940,677,6
3793,502,942,8
3794,412,736,29
3795,433,766,4
3796,48,145,8
3797,843,543,53
3798,872,107,56
3799,890,416,65
3800,554,882,8
3801,794,909,43
3802,920,241,4
3803,503,503,6
3804,103,975,81
3805,959,3,53
3806,329,804,65
3807,483,364,40
3808,756,442,10
3809,695,99,6
3810,498,564,63
3811,796,404,6
3812,101,680,4
3813,504,457,7
3814,557,791,98
3815,580,851,99
3816,705,108,8
3817,5,862,2
3818,226,484,30
3819,538,688,10
3820,346,603,6
3821,181,512,51
3822,964,979,40
3823,789,896,88
3824,689,433,3
3825,725,327,40
3826,117,223,76
3827,222,844,10
3828,182,769,10
3829,987,304,87
3830,545,993,2
3831,767,334,3
3832,549,955,95
3833,490,123,35
3834,144,59,2
3835,99,564,4
3836,916,23,20
3837,325,58,8
3838,513,625,13
3839,717,873,29
3840,800,6,40
3841,159,618,4
3842,878,941,95
3843,553,969,81
3844,624,819,67
3845,548,996,20
3846,133,955,15
3847,447,87,16
3848,706,4,96
3849,642,822,10
3850,83,886,72
3851,343,265,9
3852,818,440,55
3853,402,185,4
3854,970,447,48
3855,14,161,3
3856,766,696,2
3857,48,875,5
