0,0,1,18
1,0,170,3
2,0,375,4
3,0,387,10
4,0,324,16
5,1,249,20
6,1,208,6
7,1,307,4
8,2,1,3
9,2,3,13
10,2,4,7
11,2,5,3
12,3,443,4
13,3,140,11
14,3,299,10
15,3,46,10
16,3,441,7
17,4,8,2
18,4,425,9
19,4,383,16
20,4,222,2
21,4,79,19
22,5,486,5
23,5,458,1
24,5,306,11
25,5,291,14
26,5,258,11
27,6,3,3
28,6,235,20
29,6,36,19
30,6,356,16
31,6,58,13
32,7,3,20
33,7,13,13
34,7,275,6
35,8,10,15
36,8,11,15
37,8,250,1
38,9,5,7
39,9,14,10
40,9,15,13
41,9,426,6
42,10,12,2
43,10,488,10
44,10,31,2
45,10,38,4
46,11,458,17
47,11,35,10
48,11,349,4
49,11,66,10
50,11,396,8
51,12,22,13
52,12,223,20
53,12,490,7
54,12,180,2
55,13,21,12
56,13,274,11
57,13,195,2
58,13,404,9
59,14,18,17
60,14,98,2
61,14,297,4
62,14,270,13
63,14,469,12
64,15,17,8
65,15,24,19
66,15,344,5
67,15,113,10
68,16,12,14
69,16,26,12
70,16,57,12
71,17,196,7
72,17,110,10
73,17,282,8
74,17,481,9
75,17,81,4
76,18,27,16
77,18,49,2
78,18,246,9
79,18,83,20
80,18,21,1
81,19,11,8
82,19,150,1
83,19,461,16
84,19,107,14
85,19,325,5
86,20,10,15
87,20,35,14
88,20,64,17
89,20,490,15
90,21,38,18
91,21,497,15
92,21,108,18
93,21,167,14
94,22,23,12
95,22,144,14
96,22,185,6
97,22,286,8
98,23,40,5
99,23,41,17
100,23,44,1
101,23,94,10
102,23,306,1
103,24,46,4
104,24,375,16
105,24,65,6
106,24,224,15
107,24,90,8
108,25,19,19
109,25,309,16
110,25,214,6
111,25,355,9
112,25,117,8
113,26,51,5
114,26,377,20
115,26,195,19
116,26,46,6
117,27,50,4
118,27,467,20
119,27,424,17
120,28,18,4
121,28,45,3
122,28,55,13
123,28,134,14
124,28,165,9
125,29,25,17
126,29,48,12
127,29,70,10
128,29,43,4
129,30,29,9
130,30,34,3
131,30,47,10
132,30,54,17
133,31,27,2
134,31,396,18
135,31,61,15
136,32,30,15
137,32,40,15
138,32,490,3
139,32,189,13
140,33,29,4
141,33,122,13
142,33,473,5
143,34,42,4
144,34,398,19
145,34,193,20
146,34,325,2
147,34,299,19
148,35,485,4
149,35,345,15
150,35,142,2
151,35,179,7
152,36,25,7
153,36,67,4
154,36,435,19
155,36,343,10
156,37,27,11
157,37,292,14
158,37,338,12
159,38,400,14
160,38,309,19
161,38,275,8
162,39,32,8
163,39,118,8
164,39,432,1
165,39,401,10
166,39,135,12
167,40,58,1
168,40,71,12
169,40,285,18
170,41,433,14
171,41,344,11
172,41,226,2
173,41,376,13
174,41,18,2
175,42,409,15
176,42,453,20
177,42,148,3
178,42,158,20
179,42,314,6
180,43,38,17
181,43,219,6
182,43,112,1
183,44,63,13
184,44,85,1
185,44,65,2
186,45,57,3
187,45,276,1
188,45,351,9
189,45,179,2
190,46,71,13
191,46,75,11
192,46,352,15
193,47,354,13
194,47,224,17
195,47,167,8
196,47,219,12
197,48,122,8
198,48,377,20
199,48,157,4
200,48,8,2
201,48,263,2
202,49,26,17
203,49,350,10
204,49,428,14
205,50,61,19
206,50,180,4
207,50,391,7
208,51,94,20
209,51,408,9
210,51,151,4
211,51,223,12
212,51,296,7
213,52,42,17
214,52,230,20
215,52,166,12
216,53,33,16
217,53,95,2
218,53,198,7
219,53,202,13
220,54,84,3
221,54,330,4
222,54,453,4
223,55,65,16
224,55,95,5
225,55,122,16
226,55,345,16
227,55,388,15
228,56,35,15
229,56,403,10
230,56,286,20
231,57,320,1
232,57,428,8
233,57,427,4
234,57,451,5
235,57,329,4
236,58,82,4
237,58,83,5
238,58,330,15
239,58,279,14
240,59,47,14
241,59,256,4
242,59,77,1
243,59,167,9
244,60,45,11
245,60,406,14
246,60,206,17
247,60,395,8
248,61,82,18
249,61,379,1
250,61,297,7
251,61,428,9
252,62,33,3
253,62,372,13
254,62,148,13
255,62,318,6
256,62,228,9
257,63,97,14
258,63,126,3
259,63,296,4
260,63,461,2
261,64,57,12
262,64,121,5
263,64,230,8
264,65,131,14
265,65,107,19
266,65,277,6
267,65,50,4
268,65,243,14
269,66,34,10
270,66,109,10
271,66,127,2
272,67,122,13
273,67,333,13
274,67,342,7
275,67,202,12
276,67,220,5
277,68,63,4
278,68,412,12
279,68,286,3
280,68,464,7
281,69,48,16
282,69,82,18
283,69,96,18
284,69,432,12
285,69,7,1
286,70,44,10
287,70,406,6
288,70,481,11
289,70,153,17
290,71,262,6
291,71,163,5
292,71,167,2
293,72,68,8
294,72,138,7
295,72,160,2
296,73,67,18
297,73,343,1
298,73,145,16
299,73,478,17
300,74,71,9
301,74,89,2
302,74,113,2
303,74,330,12
304,74,292,16
305,75,86,12
306,75,440,1
307,75,367,13
308,76,74,13
309,76,237,6
310,76,297,8
311,76,478,5
312,76,243,1
313,77,64,15
314,77,107,14
315,77,139,13
316,78,56,11
317,78,399,9
318,78,364,3
319,78,105,7
320,78,490,7
321,79,69,19
322,79,326,18
323,79,370,20
324,79,208,5
325,80,66,18
326,80,130,11
327,80,402,13
328,80,436,18
329,81,54,11
330,81,145,11
331,81,279,1
332,82,310,6
333,82,155,7
334,82,408,18
335,82,297,11
336,83,460,7
337,83,159,19
338,83,109,14
339,84,158,3
340,84,491,14
341,84,490,4
342,85,98,16
343,85,312,14
344,85,183,13
345,85,480,18
346,85,58,7
347,86,148,8
348,86,181,2
349,86,137,1
350,86,338,12
351,87,62,1
352,87,101,2
353,87,149,4
354,87,75,7
355,88,67,9
356,88,100,14
357,88,304,2
358,88,352,19
359,89,137,1
360,89,148,15
361,89,217,13
362,89,365,5
363,90,50,20
364,90,318,4
365,90,382,12
366,90,231,15
367,91,79,12
368,91,305,12
369,91,443,19
370,92,81,3
371,92,317,9
372,92,216,16
373,92,23,2
374,92,108,1
375,93,57,12
376,93,181,3
377,93,459,5
378,93,265,4
379,94,109,4
380,94,269,13
381,94,304,19
382,94,38,8
383,94,417,1
384,95,56,20
385,95,280,14
386,95,220,3
387,95,212,11
388,96,87,16
389,96,411,7
390,96,199,10
391,96,420,8
392,96,311,1
393,97,102,10
394,97,465,13
395,97,459,18
396,97,99,20
397,97,401,3
398,98,164,19
399,98,131,4
400,98,207,18
401,98,217,13
402,99,89,6
403,99,214,11
404,99,374,7
405,99,302,12
406,100,132,4
407,100,448,19
408,100,368,20
409,100,47,2
410,101,312,2
411,101,378,17
412,101,274,20
413,102,133,8
414,102,192,12
415,102,394,8
416,102,165,9
417,103,89,7
418,103,169,15
419,103,289,20
420,103,7,11
421,103,31,2
422,104,62,17
423,104,147,5
424,104,312,3
425,105,103,17
426,105,123,8
427,105,128,1
428,105,338,13
429,106,64,10
430,106,108,3
431,106,286,1
432,107,216,5
433,107,386,2
434,107,170,9
435,107,180,11
436,108,177,1
437,108,367,7
438,108,316,4
439,108,72,17
440,109,154,9
441,109,220,1
442,109,430,12
443,110,71,3
444,110,326,10
445,110,458,6
446,110,336,3
447,111,101,10
448,111,152,7
449,111,199,5
450,111,132,15
451,111,59,6
452,112,74,17
453,112,191,12
454,112,365,13
455,112,374,20
456,112,343,8
457,113,125,9
458,113,324,11
459,113,402,19
460,113,150,13
461,114,80,17
462,114,210,20
463,114,190,9
464,114,290,3
465,115,58,2
466,115,172,9
467,115,176,3
468,115,207,5
469,116,85,14
470,116,139,5
471,116,122,7
472,116,334,14
473,116,181,13
474,117,69,19
475,117,168,9
476,117,170,17
477,117,267,1
478,118,108,4
479,118,158,14
480,118,309,12
481,119,86,15
482,119,140,1
483,119,228,12
484,120,105,12
485,120,231,17
486,120,340,17
487,121,185,19
488,121,139,5
489,121,440,14
490,121,54,15
491,122,401,14
492,122,265,17
493,122,296,1
494,123,414,20
495,123,490,13
496,123,125,8
497,123,342,13
498,123,87,12
499,124,79,13
500,124,278,20
501,124,356,12
502,125,328,4
503,125,177,4
504,125,244,11
505,125,165,13
506,125,40,18
507,126,418,8
508,126,321,6
509,126,228,16
510,127,76,1
511,127,146,12
512,127,281,3
513,127,31,10
514,127,270,10
515,128,228,12
516,128,468,12
517,128,224,18
518,128,290,17
519,129,69,3
520,129,134,14
521,129,164,19
522,130,447,8
523,130,409,19
524,130,189,11
525,131,162,6
526,131,352,15
527,131,258,12
528,132,355,3
529,132,352,2
530,132,458,17
531,132,468,6
532,132,8,18
533,133,144,12
534,133,204,6
535,133,245,16
536,133,334,10
537,133,28,16
538,134,249,14
539,134,481,16
540,134,187,7
541,135,94,1
542,135,195,11
543,135,199,6
544,136,82,7
545,136,485,13
546,136,325,15
547,136,360,12
548,136,43,9
549,137,263,4
550,137,331,14
551,137,498,19
552,138,243,11
553,138,459,3
554,138,438,14
555,138,166,7
556,139,394,2
557,139,220,12
558,139,287,10
559,139,478,2
560,140,156,18
561,140,474,16
562,140,374,2
563,141,132,11
564,141,179,11
565,141,493,19
566,141,497,19
567,141,213,3
568,142,91,11
569,142,485,17
570,142,495,16
571,143,110,18
572,143,294,12
573,143,421,3
574,143,465,9
575,143,116,10
576,144,239,6
577,144,439,15
578,144,327,14
579,144,193,16
580,145,402,7
581,145,401,12
582,145,313,2
583,145,223,20
584,146,408,11
585,146,264,2
586,146,267,17
587,147,171,7
588,147,234,15
589,147,296,5
590,147,179,15
591,148,172,12
592,148,492,17
593,148,170,10
594,148,471,6
595,149,294,7
596,149,309,10
597,149,175,1
598,149,144,15
599,149,215,8
600,150,109,7
601,150,164,4
602,150,400,4
603,151,112,15
604,151,498,16
605,151,200,4
606,151,9,4
607,152,239,8
608,152,260,5
609,152,265,20
610,152,169,8
611,152,282,20
612,153,137,1
613,153,251,14
614,153,356,6
615,154,183,17
616,154,256,9
617,154,373,15
618,154,242,8
619,154,296,6
620,155,88,8
621,155,161,5
622,155,229,10
623,156,213,8
624,156,383,9
625,156,418,19
626,157,102,1
627,157,182,12
628,157,251,10
629,157,307,7
630,157,256,19
631,158,350,4
632,158,272,18
633,158,312,5
634,158,178,13
635,158,273,11
636,159,138,9
637,159,177,5
638,159,203,18
639,159,128,18
640,159,316,9
641,160,158,3
642,160,281,16
643,160,264,6
644,160,13,10
645,160,19,3
646,161,123,12
647,161,421,5
648,161,350,15
649,161,342,7
650,161,162,7
651,162,227,13
652,162,243,3
653,162,401,15
654,162,290,4
655,163,134,17
656,163,242,15
657,163,181,15
658,163,282,20
659,164,383,2
660,164,210,4
661,164,399,9
662,164,50,5
663,165,91,9
664,165,303,11
665,165,338,4
666,165,439,2
667,166,95,2
668,166,314,4
669,166,356,3
670,167,112,10
671,167,202,8
672,167,349,2
673,168,268,14
674,168,319,15
675,168,194,17
676,168,449,14
677,169,140,6
678,169,277,6
679,169,202,6
680,170,379,18
681,170,396,1
682,170,203,2
683,170,86,11
684,171,323,2
685,171,397,16
686,171,316,1
687,171,72,11
688,172,212,4
689,172,350,4
690,172,343,18
691,173,165,1
692,173,251,8
693,173,262,5
694,173,11,8
695,173,220,7
696,174,172,17
697,174,194,12
698,174,281,11
699,174,310,4
700,175,136,19
701,175,266,20
702,175,483,5
703,175,46,7
704,176,244,19
705,176,345,4
706,176,369,13
707,176,234,14
708,177,267,6
709,177,317,16
710,177,282,7
711,178,144,7
712,178,400,17
713,178,350,8
714,178,131,1
715,179,170,17
716,179,312,15
717,179,462,6
718,180,100,6
719,180,236,19
720,180,252,18
721,181,253,6
722,181,414,14
723,181,497,2
724,181,99,1
725,182,285,18
726,182,237,17
727,182,232,13
728,182,331,8
729,182,488,8
730,183,217,16
731,183,453,11
732,183,442,20
733,183,434,2
734,183,360,17
735,184,108,6
736,184,206,18
737,184,457,5
738,184,272,7
739,184,116,6
740,185,278,11
741,185,292,19
742,185,234,15
743,186,111,15
744,186,272,12
745,186,421,17
746,186,311,13
747,187,160,3
748,187,415,13
749,187,245,9
750,188,96,1
751,188,249,4
752,188,461,6
753,188,9,14
754,189,188,17
755,189,246,12
756,189,350,20
757,189,166,11
758,190,109,16
759,190,227,5
760,190,202,15
761,190,328,7
762,191,481,15
763,191,236,20
764,191,406,11
765,191,83,2
766,192,272,8
767,192,410,19
768,192,241,17
769,192,286,6
770,192,46,7
771,193,114,16
772,193,223,17
773,193,483,16
774,194,335,10
775,194,482,7
776,194,275,19
777,194,413,19
778,194,242,11
779,195,290,10
780,195,287,1
781,195,204,12
782,195,296,10
783,196,137,20
784,196,330,3
785,196,312,12
786,196,306,10
787,197,187,20
788,197,245,4
789,197,372,11
790,197,458,17
791,197,410,9
792,198,140,18
793,198,343,15
794,198,464,20
795,198,210,1
796,198,244,14
797,199,301,15
798,199,418,8
799,199,394,3
800,199,13,11
801,200,100,17
802,200,295,2
803,200,360,6
804,200,192,8
805,200,45,20
806,201,132,16
807,201,202,14
808,201,324,15
809,202,140,3
810,202,260,13
811,202,211,8
812,203,198,18
813,203,475,13
814,203,405,7
815,204,370,16
816,204,255,12
817,204,305,5
818,205,196,7
819,205,275,13
820,205,287,6
821,205,350,4
822,206,409,4
823,206,381,10
824,206,467,9
825,207,427,12
826,207,327,13
827,207,219,13
828,208,117,12
829,208,497,13
830,208,374,3
831,209,126,10
832,209,298,15
833,209,342,2
834,209,337,9
835,209,441,3
836,210,232,13
837,210,394,1
838,210,222,6
839,210,426,8
840,211,179,18
841,211,396,6
842,211,467,2
843,211,336,18
844,212,361,19
845,212,300,13
846,212,258,10
847,213,341,7
848,213,418,9
849,213,265,20
850,213,269,8
851,214,126,13
852,214,489,15
853,214,392,7
854,214,212,10
855,214,81,16
856,215,186,18
857,215,378,16
858,215,475,8
859,216,145,12
860,216,291,19
861,216,252,13
862,216,208,14
863,217,220,9
864,217,295,4
865,217,430,6
866,218,191,16
867,218,263,8
868,218,272,18
869,218,62,13
870,218,206,10
871,219,172,16
872,219,467,15
873,219,458,13
874,220,252,5
875,220,464,8
876,220,490,14
877,220,339,19
878,221,197,5
879,221,362,19
880,221,381,4
881,221,430,9
882,222,163,10
883,222,225,11
884,222,337,2
885,222,352,3
886,222,383,15
887,223,358,4
888,223,384,14
889,223,429,1
890,224,129,18
891,224,238,19
892,224,498,12
893,224,345,17
894,224,370,5
895,225,314,18
896,225,265,20
897,225,499,12
898,225,357,9
899,226,184,18
900,226,398,5
901,226,264,20
902,226,162,17
903,226,472,19
904,227,267,16
905,227,346,18
906,227,394,10
907,227,12,3
908,227,276,15
909,228,487,3
910,228,361,7
911,228,488,16
912,228,368,7
913,229,141,15
914,229,368,6
915,229,455,1
916,229,234,7
917,229,456,3
918,230,176,8
919,230,268,8
920,230,466,16
921,230,179,1
922,230,463,3
923,231,280,17
924,231,485,2
925,231,374,6
926,232,327,15
927,232,417,9
928,232,351,20
929,232,199,16
930,232,471,9
931,233,195,3
932,233,259,18
933,233,301,10
934,234,384,3
935,234,400,20
936,234,412,4
937,234,311,3
938,235,174,19
939,235,287,2
940,235,344,12
941,235,366,3
942,235,445,3
943,236,492,17
944,236,462,14
945,236,435,13
946,236,395,5
947,236,240,5
948,237,126,8
949,237,346,1
950,237,482,5
951,237,43,17
952,238,335,11
953,238,263,7
954,238,334,11
955,239,421,17
956,239,374,20
957,239,471,6
958,239,89,8
959,240,170,14
960,240,263,10
961,240,245,10
962,240,114,10
963,241,181,12
964,241,413,2
965,241,441,1
966,241,456,7
967,242,387,16
968,242,406,1
969,242,269,2
970,242,262,7
971,243,450,11
972,243,249,17
973,243,497,1
974,244,254,6
975,244,377,7
976,244,373,15
977,244,167,18
978,245,481,8
979,245,346,19
980,245,393,9
981,245,399,16
982,246,455,17
983,246,303,13
984,246,459,17
985,246,401,3
986,247,143,6
987,247,393,3
988,247,407,19
989,247,377,11
990,247,272,13
991,248,240,1
992,248,273,11
993,248,289,10
994,248,486,20
995,249,146,6
996,249,386,2
997,249,488,4
998,249,388,19
999,250,239,15
1000,250,439,7
1001,250,427,14
1002,250,463,20
1003,250,430,17
1004,251,311,4
1005,251,351,4
1006,251,493,6
1007,251,151,7
1008,252,140,18
1009,252,338,20
1010,252,495,2
1011,253,179,1
1012,253,329,3
1013,253,478,1
1014,253,131,18
1015,254,369,12
1016,254,406,9
1017,254,371,13
1018,254,49,15
1019,255,186,19
1020,255,434,17
1021,255,393,16
1022,255,107,14
1023,256,239,8
1024,256,367,18
1025,256,289,9
1026,256,61,14
1027,257,162,1
1028,257,325,15
1029,257,435,16
1030,257,412,11
1031,257,274,12
1032,258,154,14
1033,258,347,6
1034,258,267,8
1035,258,288,5
1036,259,362,13
1037,259,452,7
1038,259,290,19
1039,259,24,16
1040,259,116,9
1041,260,344,7
1042,260,451,15
1043,260,444,6
1044,260,305,1
1045,261,230,18
1046,261,382,9
1047,261,422,13
1048,262,334,17
1049,262,446,4
1050,262,310,1
1051,262,341,11
1052,263,365,3
1053,263,488,12
1054,263,265,17
1055,264,235,11
1056,264,445,18
1057,264,444,10
1058,264,426,2
1059,264,219,1
1060,265,499,11
1061,265,330,8
1062,265,286,7
1063,266,172,18
1064,266,377,14
1065,266,310,7
1066,266,197,11
1067,266,336,12
1068,267,425,17
1069,267,488,3
1070,267,400,18
1071,268,463,4
1072,268,418,6
1073,268,323,2
1074,268,335,12
1075,268,404,6
1076,269,197,20
1077,269,276,19
1078,269,380,6
1079,270,196,9
1080,270,345,9
1081,270,468,1
1082,271,182,3
1083,271,401,11
1084,271,405,7
1085,271,456,16
1086,272,465,3
1087,272,375,20
1088,272,333,9
1089,273,300,2
1090,273,394,14
1091,273,296,14
1092,273,464,8
1093,274,240,16
1094,274,293,1
1095,274,483,10
1096,274,318,4
1097,275,447,18
1098,275,278,20
1099,275,420,3
1100,275,64,6
1101,275,10,13
1102,276,415,3
1103,276,444,7
1104,276,435,8
1105,277,485,10
1106,277,475,5
1107,277,302,17
1108,277,464,20
1109,278,345,1
1110,278,445,20
1111,278,464,19
1112,278,426,7
1113,279,202,1
1114,279,498,10
1115,279,307,2
1116,280,281,3
1117,280,396,4
1118,280,468,2
1119,280,97,6
1120,280,241,9
1121,281,391,3
1122,281,472,9
1123,281,349,15
1124,281,285,18
1125,281,64,4
1126,282,236,5
1127,282,493,9
1128,282,492,6
1129,282,95,4
1130,283,281,7
1131,283,317,17
1132,283,453,4
1133,283,49,9
1134,283,129,2
1135,284,281,20
1136,284,475,19
1137,284,329,9
1138,284,164,16
1139,285,392,14
1140,285,412,10
1141,285,355,3
1142,285,15,14
1143,286,282,2
1144,286,495,13
1145,286,366,3
1146,286,440,7
1147,287,424,9
1148,287,452,3
1149,287,498,17
1150,287,444,17
1151,287,364,20
1152,288,161,13
1153,288,296,20
1154,288,370,17
1155,289,487,3
1156,289,405,19
1157,289,361,5
1158,290,341,10
1159,290,424,12
1160,290,315,12
1161,291,478,6
1162,291,312,7
1163,291,417,11
1164,291,458,4
1165,291,388,10
1166,292,336,11
1167,292,420,15
1168,292,359,4
1169,292,298,9
1170,293,491,12
1171,293,314,10
1172,293,487,9
1173,293,17,18
1174,293,401,19
1175,294,385,4
1176,294,437,9
1177,294,347,3
1178,294,288,12
1179,295,360,1
1180,295,408,7
1181,295,416,20
1182,295,187,9
1183,296,338,4
1184,296,438,17
1185,296,397,13
1186,296,242,5
1187,297,195,3
1188,297,398,2
1189,297,411,8
1190,297,202,12
1191,298,499,10
1192,298,319,16
1193,298,432,8
1194,298,460,14
1195,299,278,18
1196,299,376,13
1197,299,463,17
1198,300,250,6
1199,300,375,11
1200,300,364,12
1201,300,119,15
1202,300,171,12
1203,301,368,10
1204,301,381,2
1205,301,318,14
1206,301,1,15
1207,302,205,9
1208,302,430,20
1209,302,371,10
1210,303,327,10
1211,303,363,5
1212,303,398,3
1213,304,293,8
1214,304,379,8
1215,304,419,6
1216,304,278,5
1217,304,470,1
1218,305,215,16
1219,305,312,17
1220,305,332,1
1221,305,117,14
1222,306,280,11
1223,306,331,18
1224,306,366,13
1225,306,33,6
1226,307,306,4
1227,307,434,1
1228,307,318,6
1229,307,201,16
1230,308,285,10
1231,308,471,10
1232,308,396,10
1233,309,282,15
1234,309,392,3
1235,309,451,20
1236,309,176,8
1237,309,290,20
1238,310,319,7
1239,310,321,13
1240,310,497,2
1241,311,309,20
1242,311,434,8
1243,311,398,1
1244,312,328,15
1245,312,483,7
1246,312,442,12
1247,312,401,20
1248,313,166,12
1249,313,412,5
1250,313,461,10
1251,313,171,9
1252,313,484,4
1253,314,388,5
1254,314,323,17
1255,314,425,20
1256,314,378,15
1257,314,276,20
1258,315,192,11
1259,315,403,16
1260,315,432,10
1261,315,166,8
1262,315,285,20
1263,316,247,1
1264,316,343,14
1265,316,415,4
1266,316,332,5
1267,316,213,1
1268,317,374,19
1269,317,443,15
1270,317,351,8
1271,318,297,10
1272,318,493,20
1273,318,364,12
1274,319,366,17
1275,319,470,3
1276,319,348,7
1277,319,392,17
1278,320,262,20
1279,320,332,11
1280,320,372,4
1281,321,227,6
1282,321,433,1
1283,321,397,16
1284,321,448,2
1285,322,174,6
1286,322,390,19
1287,322,380,9
1288,322,104,1
1289,322,375,6
1290,323,399,10
1291,323,474,13
1292,323,378,2
1293,323,113,17
1294,323,56,13
1295,324,243,12
1296,324,426,3
1297,324,356,5
1298,324,180,12
1299,325,468,18
1300,325,437,15
1301,325,485,9
1302,325,207,19
1303,326,291,7
1304,326,445,1
1305,326,456,10
1306,327,412,19
1307,327,378,20
1308,327,346,10
1309,327,232,8
1310,327,68,3
1311,328,477,12
1312,328,449,12
1313,328,371,13
1314,328,282,20
1315,329,248,18
1316,329,400,9
1317,329,406,7
1318,330,426,14
1319,330,361,4
1320,330,466,13
1321,330,203,19
1322,330,359,10
1323,331,260,16
1324,331,351,4
1325,331,389,9
1326,331,59,7
1327,332,378,5
1328,332,365,19
1329,332,473,19
1330,332,203,19
1331,333,269,18
1332,333,436,15
1333,333,455,19
1334,333,466,18
1335,334,375,20
1336,334,451,8
1337,334,484,19
1338,334,478,14
1339,335,400,20
1340,335,406,20
1341,335,432,1
1342,335,409,13
1343,335,441,18
1344,336,402,7
1345,336,393,10
1346,336,425,5
1347,336,54,11
1348,337,170,9
1349,337,455,2
1350,337,485,19
1351,337,120,19
1352,338,353,16
1353,338,486,20
1354,338,408,3
1355,339,225,4
1356,339,370,19
1357,339,438,5
1358,340,177,2
1359,340,454,6
1360,340,359,16
1361,340,374,8
1362,341,342,9
1363,341,385,5
1364,341,376,4
1365,342,464,5
1366,342,379,18
1367,342,440,20
1368,342,329,12
1369,343,395,20
1370,343,450,3
1371,343,396,20
1372,344,211,13
1373,344,391,2
1374,344,468,3
1375,344,284,9
1376,344,15,16
1377,345,413,15
1378,345,443,16
1379,345,405,14
1380,345,175,17
1381,345,79,2
1382,346,314,17
1383,346,457,7
1384,346,448,20
1385,347,417,17
1386,347,484,15
1387,347,454,13
1388,348,183,15
1389,348,493,4
1390,348,388,16
1391,349,234,3
1392,349,497,6
1393,349,359,6
1394,350,369,1
1395,350,499,12
1396,350,379,6
1397,350,462,17
1398,350,237,18
1399,351,350,1
1400,351,417,5
1401,351,475,12
1402,351,360,4
1403,352,222,5
1404,352,389,4
1405,352,447,16
1406,352,409,9
1407,353,447,8
1408,353,467,12
1409,353,414,3
1410,353,228,11
1411,353,310,19
1412,354,311,16
1413,354,491,10
1414,354,393,7
1415,355,326,6
1416,355,435,4
1417,355,393,12
1418,355,233,2
1419,356,234,9
1420,356,422,19
1421,356,498,10
1422,356,368,10
1423,357,224,3
1424,357,488,4
1425,357,393,3
1426,357,256,7
1427,358,276,16
1428,358,429,11
1429,358,470,6
1430,358,433,15
1431,359,238,16
1432,359,462,18
1433,359,398,18
1434,360,426,8
1435,360,457,19
1436,360,413,17
1437,361,422,1
1438,361,435,4
1439,361,364,11
1440,362,371,9
1441,362,474,15
1442,362,410,14
1443,362,34,16
1444,362,309,3
1445,363,323,3
1446,363,418,9
1447,363,485,9
1448,363,150,2
1449,364,268,9
1450,364,434,14
1451,364,387,19
1452,364,377,7
1453,364,349,1
1454,365,469,5
1455,365,484,11
1456,365,444,3
1457,365,131,14
1458,366,481,7
1459,366,495,11
1460,366,499,12
1461,366,167,8
1462,367,400,3
1463,367,449,18
1464,367,487,4
1465,367,427,7
1466,367,286,18
1467,368,467,4
1468,368,490,8
1469,368,481,14
1470,369,376,8
1471,369,432,4
1472,369,453,5
1473,369,330,17
1474,369,154,14
1475,370,481,16
1476,370,443,20
1477,370,422,17
1478,370,357,13
1479,371,438,18
1480,371,405,9
1481,371,451,7
1482,371,469,12
1483,372,414,5
1484,372,423,2
1485,372,493,9
1486,372,341,12
1487,373,324,10
1488,373,447,2
1489,373,376,1
1490,373,310,5
1491,374,473,14
1492,374,478,19
1493,374,450,10
1494,374,212,3
1495,375,256,1
1496,375,467,6
1497,375,399,4
1498,376,383,6
1499,376,445,18
1500,376,430,20
1501,376,137,5
1502,376,142,8
1503,377,453,6
1504,377,388,11
1505,377,425,14
1506,377,186,15
1507,378,464,14
1508,378,402,9
1509,378,386,12
1510,379,452,16
1511,379,417,11
1512,379,414,7
1513,380,326,14
1514,380,405,12
1515,380,423,7
1516,380,142,9
1517,381,397,16
1518,381,478,5
1519,381,440,19
1520,381,113,19
1521,382,449,9
1522,382,426,13
1523,382,491,11
1524,382,22,13
1525,382,447,12
1526,383,252,17
1527,383,490,9
1528,383,450,18
1529,384,424,18
1530,384,425,16
1531,384,414,19
1532,384,460,10
1533,384,261,15
1534,385,433,12
1535,385,414,20
1536,385,477,9
1537,385,106,19
1538,385,383,11
1539,386,411,16
1540,386,490,9
1541,386,396,11
1542,386,135,6
1543,387,411,12
1544,387,422,11
1545,387,394,11
1546,388,236,14
1547,388,391,7
1548,388,488,3
1549,388,49,7
1550,389,240,6
1551,389,496,3
1552,389,429,9
1553,389,338,7
1554,390,499,6
1555,390,394,5
1556,390,437,9
1557,390,314,19
1558,390,57,19
1559,391,487,13
1560,391,463,6
1561,391,452,15
1562,391,467,8
1563,392,466,3
1564,392,482,5
1565,392,459,4
1566,393,490,17
1567,393,433,12
1568,393,471,15
1569,393,240,8
1570,394,465,2
1571,394,455,14
1572,394,457,12
1573,394,383,11
1574,394,233,11
1575,395,432,12
1576,395,409,16
1577,395,408,17
1578,395,213,3
1579,396,331,20
1580,396,457,17
1581,396,406,6
1582,396,357,20
1583,396,89,12
1584,397,364,11
1585,397,419,20
1586,397,442,3
1587,397,16,14
1588,398,444,3
1589,398,469,7
1590,398,410,20
1591,398,397,19
1592,398,252,12
1593,399,431,13
1594,399,493,13
1595,399,454,18
1596,399,151,6
1597,400,409,18
1598,400,476,8
1599,400,412,4
1600,400,132,4
1601,400,24,19
1602,401,441,2
1603,401,434,13
1604,401,471,8
1605,401,439,3
1606,402,201,11
1607,402,440,11
1608,402,488,7
1609,402,223,8
1610,403,327,2
1611,403,447,7
1612,403,498,2
1613,403,369,17
1614,403,19,15
1615,404,273,20
1616,404,414,3
1617,404,435,2
1618,404,338,13
1619,405,466,2
1620,405,488,14
1621,405,456,8
1622,406,302,1
1623,406,497,6
1624,406,473,4
1625,406,152,11
1626,406,466,1
1627,407,474,12
1628,407,473,6
1629,407,410,20
1630,407,258,7
1631,408,403,16
1632,408,460,11
1633,408,467,4
1634,408,354,18
1635,409,490,16
1636,409,459,18
1637,409,474,5
1638,410,328,20
1639,410,448,19
1640,410,499,9
1641,411,476,20
1642,411,437,6
1643,411,443,15
1644,411,332,2
1645,411,394,3
1646,412,421,16
1647,412,456,17
1648,412,428,15
1649,412,386,3
1650,413,445,1
1651,413,429,12
1652,413,491,18
1653,413,379,6
1654,413,35,19
1655,414,464,16
1656,414,425,19
1657,414,415,18
1658,414,254,2
1659,414,252,7
1660,415,260,3
1661,415,484,17
1662,415,426,13
1663,415,464,3
1664,416,232,7
1665,416,485,14
1666,416,470,15
1667,416,118,11
1668,417,434,15
1669,417,463,3
1670,417,486,1
1671,417,352,3
1672,418,432,3
1673,418,472,1
1674,418,431,13
1675,419,375,11
1676,419,466,5
1677,419,484,12
1678,419,12,13
1679,419,210,10
1680,420,252,17
1681,420,469,20
1682,420,466,2
1683,421,469,12
1684,421,462,3
1685,421,478,20
1686,421,130,5
1687,422,437,18
1688,422,469,1
1689,422,450,16
1690,422,81,16
1691,422,312,8
1692,423,296,15
1693,423,467,13
1694,423,434,13
1695,423,479,19
1696,424,451,16
1697,424,447,3
1698,424,439,17
1699,424,367,20
1700,424,290,3
1701,425,462,13
1702,425,490,9
1703,425,493,8
1704,425,16,15
1705,425,7,7
1706,426,267,12
1707,426,441,14
1708,426,461,20
1709,427,221,17
1710,427,460,1
1711,427,431,9
1712,428,310,11
1713,428,436,20
1714,428,433,8
1715,429,371,20
1716,429,469,20
1717,429,433,16
1718,430,432,14
1719,430,478,6
1720,430,476,1
1721,431,495,4
1722,431,447,13
1723,431,468,13
1724,431,29,17
1725,431,294,1
1726,432,444,19
1727,432,439,16
1728,432,441,9
1729,432,265,14
1730,433,434,3
1731,433,460,7
1732,433,447,8
1733,434,446,18
1734,434,476,10
1735,434,463,16
1736,435,438,1
1737,435,496,15
1738,435,468,2
1739,435,68,15
1740,435,177,2
1741,436,490,10
1742,436,445,3
1743,436,460,11
1744,437,480,11
1745,437,486,10
1746,437,447,6
1747,437,209,17
1748,437,367,12
1749,438,248,18
1750,438,451,9
1751,438,474,8
1752,439,268,11
1753,439,469,18
1754,439,464,18
1755,439,365,8
1756,440,274,2
1757,440,487,12
1758,440,457,3
1759,440,66,17
1760,441,490,14
1761,441,461,3
1762,441,449,9
1763,441,238,4
1764,442,406,13
1765,442,487,19
1766,442,483,17
1767,442,120,13
1768,443,472,20
1769,443,469,9
1770,443,493,7
1771,443,22,6
1772,443,23,4
1773,444,251,9
1774,444,491,17
1775,444,495,17
1776,444,124,18
1777,444,442,17
1778,445,496,16
1779,445,450,10
1780,445,479,1
1781,445,220,17
1782,446,240,12
1783,446,452,5
1784,446,476,10
1785,446,15,2
1786,446,193,6
1787,447,479,6
1788,447,449,2
1789,447,463,17
1790,447,332,17
1791,447,263,18
1792,448,480,10
1793,448,489,14
1794,448,494,5
1795,448,167,11
1796,449,496,8
1797,449,471,9
1798,449,467,1
1799,449,238,7
1800,450,458,9
1801,450,460,3
1802,450,488,10
1803,450,485,18
1804,451,463,1
1805,451,467,20
1806,451,487,19
1807,452,344,16
1808,452,488,17
1809,452,471,12
1810,452,417,10
1811,452,408,20
1812,453,498,9
1813,453,477,1
1814,453,499,12
1815,453,53,15
1816,453,254,6
1817,454,472,13
1818,454,493,3
1819,454,477,6
1820,454,183,1
1821,454,112,17
1822,455,481,2
1823,455,486,19
1824,455,463,4
1825,456,251,12
1826,456,473,16
1827,456,463,10
1828,457,489,19
1829,457,465,11
1830,457,463,4
1831,457,126,20
1832,457,50,3
1833,458,350,14
1834,458,478,1
1835,458,494,17
1836,458,120,3
1837,459,296,1
1838,459,476,5
1839,459,472,16
1840,459,349,7
1841,459,453,7
1842,460,457,8
1843,460,493,6
1844,460,469,10
1845,460,429,3
1846,461,317,12
1847,461,485,12
1848,461,495,13
1849,462,490,20
1850,462,467,7
1851,462,470,4
1852,463,475,18
1853,463,474,19
1854,463,470,5
1855,463,177,11
1856,463,86,19
1857,464,476,12
1858,464,468,11
1859,464,488,20
1860,465,354,12
1861,465,491,1
1862,465,484,13
1863,465,44,6
1864,465,15,17
1865,466,378,17
1866,466,474,11
1867,466,475,1
1868,466,37,5
1869,467,497,15
1870,467,496,13
1871,467,493,2
1872,468,473,16
1873,468,498,20
1874,468,487,16
1875,468,319,7
1876,469,484,13
1877,469,470,14
1878,469,492,19
1879,469,187,10
1880,470,481,19
1881,470,479,13
1882,470,484,2
1883,470,196,10
1884,471,314,10
1885,471,472,7
1886,471,473,15
1887,472,337,18
1888,472,487,8
1889,472,486,7
1890,472,255,10
1891,473,479,12
1892,473,483,9
1893,473,477,20
1894,473,412,14
1895,474,237,6
1896,474,475,12
1897,474,491,4
1898,474,338,16
1899,474,362,12
1900,475,445,4
1901,475,497,17
1902,475,498,6
1903,475,141,3
1904,475,238,4
1905,476,478,17
1906,476,485,3
1907,476,482,18
1908,476,193,15
1909,476,342,13
1910,477,498,9
1911,477,494,20
1912,477,491,11
1913,477,458,6
1914,477,326,4
1915,478,274,16
1916,478,483,6
1917,478,494,14
1918,479,488,7
1919,479,482,3
1920,479,494,8
1921,480,271,17
1922,480,499,20
1923,480,481,13
1924,480,239,13
1925,480,255,15
1926,481,303,13
1927,481,499,5
1928,481,482,2
1929,482,334,12
1930,482,492,20
1931,482,489,6
1932,482,177,1
1933,483,499,7
1934,483,492,13
1935,483,496,5
1936,483,417,7
1937,483,108,2
1938,484,489,6
1939,484,490,9
1940,484,488,10
1941,484,33,10
1942,485,496,15
1943,485,487,19
1944,485,491,10
1945,486,490,4
1946,486,496,11
1947,486,488,5
1948,487,493,17
1949,487,497,8
1950,487,498,16
1951,487,207,3
1952,487,219,7
1953,488,492,13
1954,488,489,10
1955,488,497,3
1956,489,321,17
1957,489,498,5
1958,489,490,6
1959,490,493,16
1960,490,496,14
1961,490,491,17
1962,491,494,8
1963,491,498,9
1964,491,493,14
1965,491,355,4
1966,491,99,19
1967,492,308,1
1968,492,496,10
1969,492,494,3
1970,492,336,14
1971,493,351,10
1972,493,495,1
1973,493,499,18
1974,493,71,11
1975,494,493,14
1976,494,496,17
1977,494,497,13
1978,494,436,10
1979,495,323,17
1980,495,499,3
1981,495,498,13
1982,495,338,9
1983,496,498,2
1984,496,497,3
1985,496,499,7
1986,496,311,18
1987,497,461,14
1988,497,498,19
1989,497,499,17
1990,497,482,13
1991,498,383,7
1992,498,499,11
1993,498,122,8
1994,498,423,3
1995,499,318,16
1996,499,451,19
1997,499,361,4
1998,499,219,18
1999,499,436,18
