0,0,2,1
1,0,421,3
2,0,487,8
3,0,464,1
4,1,0,2
5,1,41,4
6,1,269,8
7,1,272,10
8,1,397,5
9,2,275,1
10,2,398,3
11,2,65,2
12,2,337,6
13,3,2,7
14,3,346,1
15,3,172,9
16,3,192,10
17,3,380,3
18,4,2,7
19,4,6,2
20,4,282,2
21,5,2,10
22,5,268,6
23,5,370,10
24,5,209,2
25,5,158,8
26,6,205,6
27,6,71,5
28,6,46,2
29,7,5,1
30,7,8,1
31,7,462,9
32,8,12,9
33,8,16,9
34,8,462,10
35,9,5,8
36,9,103,5
37,9,32,8
38,9,238,6
39,10,5,9
40,10,14,8
41,10,152,10
42,10,375,5
43,11,10,4
44,11,19,2
45,11,293,6
46,11,406,9
47,12,15,1
48,12,348,6
49,12,406,9
50,12,19,3
51,12,491,10
52,13,10,1
53,13,17,10
54,13,158,1
55,13,196,4
56,14,23,2
57,14,159,8
58,14,45,10
59,15,30,5
60,15,18,4
61,15,407,5
62,15,482,9
63,16,51,4
64,16,127,2
65,16,85,3
66,16,297,8
67,17,499,1
68,17,256,3
69,17,318,4
70,17,50,1
71,18,15,4
72,18,209,6
73,18,434,6
74,18,170,4
75,19,499,2
76,19,416,1
77,19,68,7
78,19,175,10
79,20,14,4
80,20,21,10
81,20,418,6
82,20,103,4
83,21,369,6
84,21,389,1
85,21,400,2
86,21,30,2
87,22,20,2
88,22,25,4
89,22,157,7
90,22,482,4
91,22,356,5
92,23,51,1
93,23,29,9
94,23,72,1
95,24,15,7
96,24,143,5
97,24,390,3
98,24,167,7
99,25,81,2
100,25,313,10
101,25,327,3
102,26,22,10
103,26,168,9
104,26,322,3
105,26,205,7
106,27,16,10
107,27,33,9
108,27,37,2
109,27,4,10
110,28,27,3
111,28,38,3
112,28,163,8
113,29,25,9
114,29,409,2
115,29,375,4
116,30,47,2
117,30,324,5
118,30,285,1
119,31,27,10
120,31,35,9
121,31,255,6
122,31,292,10
123,32,16,8
124,32,108,8
125,32,312,9
126,32,152,8
127,33,364,2
128,33,102,6
129,33,353,8
130,33,36,5
131,34,33,1
132,34,294,2
133,34,133,8
134,34,246,7
135,35,41,6
136,35,266,9
137,35,322,4
138,35,415,3
139,35,354,1
140,36,31,10
141,36,404,9
142,36,236,3
143,36,356,8
144,37,50,8
145,37,452,3
146,37,109,6
147,37,308,7
148,37,285,8
149,38,124,2
150,38,378,4
151,38,50,10
152,39,34,3
153,39,66,2
154,39,494,2
155,39,363,3
156,40,26,3
157,40,45,10
158,40,270,8
159,40,432,1
160,41,52,10
161,41,402,6
162,41,46,5
163,41,255,3
164,41,406,2
165,42,32,7
166,42,46,10
167,42,77,4
168,42,82,7
169,43,36,8
170,43,124,2
171,43,396,8
172,43,234,1
173,43,385,10
174,44,40,8
175,44,65,10
176,44,272,2
177,44,25,1
178,45,55,10
179,45,185,10
180,45,204,6
181,45,239,10
182,45,397,6
183,46,52,9
184,46,87,3
185,46,461,4
186,46,224,3
187,47,332,5
188,47,359,7
189,47,109,7
190,47,405,10
191,47,214,3
192,48,41,1
193,48,173,8
194,48,224,5
195,49,42,4
196,49,184,4
197,49,332,7
198,49,379,4
199,49,243,10
200,50,89,4
201,50,92,5
202,50,354,3
203,50,88,8
204,51,37,1
205,51,487,3
206,51,234,2
207,51,97,10
208,52,74,9
209,52,116,6
210,52,194,8
211,52,103,4
212,52,221,6
213,53,34,2
214,53,67,10
215,53,128,8
216,53,181,6
217,53,421,5
218,54,30,2
219,54,56,7
220,54,284,9
221,54,417,7
222,54,133,5
223,55,85,6
224,55,86,1
225,55,310,4
226,55,212,1
227,56,154,4
228,56,440,8
229,56,228,1
230,56,246,5
231,56,338,3
232,57,49,7
233,57,72,5
234,57,103,1
235,57,114,9
236,58,52,4
237,58,64,3
238,58,396,5
239,58,470,5
240,59,30,1
241,59,209,1
242,59,406,8
243,59,9,6
244,60,50,6
245,60,63,8
246,60,223,4
247,60,482,8
248,61,46,5
249,61,62,8
250,61,103,8
251,61,137,2
252,61,24,7
253,62,227,7
254,62,376,6
255,62,218,3
256,62,400,3
257,62,237,10
258,63,83,3
259,63,87,7
260,63,392,6
261,63,375,6
262,64,180,8
263,64,376,7
264,64,440,5
265,64,342,5
266,65,196,10
267,65,137,2
268,65,481,1
269,65,334,8
270,65,396,3
271,66,211,1
272,66,453,6
273,66,473,9
274,67,107,2
275,67,135,8
276,67,205,2
277,67,121,1
278,67,28,6
279,68,53,4
280,68,101,1
281,68,189,6
282,68,175,9
283,69,65,2
284,69,70,9
285,69,75,5
286,69,293,1
287,70,119,4
288,70,152,4
289,70,371,1
290,70,370,7
291,71,40,2
292,71,129,1
293,71,341,5
294,71,87,5
295,71,215,6
296,72,113,2
297,72,156,3
298,72,96,3
299,72,334,3
300,72,116,5
301,73,44,7
302,73,93,2
303,73,382,6
304,74,118,8
305,74,452,5
306,74,123,9
307,74,279,9
308,74,439,5
309,75,94,3
310,75,105,1
311,75,90,1
312,76,59,2
313,76,441,1
314,76,219,7
315,77,78,6
316,77,108,9
317,77,440,4
318,78,120,6
319,78,269,4
320,78,328,8
321,79,54,7
322,79,81,2
323,79,90,1
324,79,83,8
325,80,66,7
326,80,141,6
327,80,155,4
328,80,317,7
329,81,413,5
330,81,96,7
331,81,448,10
332,81,76,1
333,82,229,6
334,82,110,4
335,82,256,1
336,82,139,1
337,83,371,3
338,83,328,2
339,83,491,10
340,83,66,3
341,84,68,5
342,84,226,7
343,84,337,9
344,85,421,9
345,85,342,9
346,85,234,9
347,85,368,9
348,85,8,1
349,86,116,10
350,86,114,2
351,86,479,2
352,86,28,4
353,87,341,10
354,87,384,10
355,87,452,9
356,87,421,3
357,88,61,9
358,88,126,6
359,88,471,9
360,89,232,7
361,89,242,1
362,89,115,10
363,89,368,6
364,89,47,1
365,90,485,6
366,90,188,2
367,90,368,4
368,90,352,5
369,90,265,5
370,91,81,8
371,91,95,7
372,91,139,1
373,91,161,5
374,92,111,7
375,92,397,10
376,92,129,4
377,92,356,10
378,93,414,8
379,93,255,2
380,93,447,10
381,93,76,10
382,93,440,5
383,94,110,9
384,94,305,7
385,94,451,6
386,94,249,3
387,94,409,4
388,95,100,10
389,95,422,4
390,95,242,8
391,95,28,7
392,96,67,8
393,96,403,10
394,96,243,1
395,96,228,8
396,97,90,7
397,97,136,4
398,97,290,8
399,97,34,10
400,98,74,9
401,98,148,6
402,98,100,3
403,98,284,10
404,98,360,4
405,99,66,1
406,99,245,2
407,99,404,6
408,99,172,10
409,99,147,3
410,100,79,3
411,100,258,7
412,100,374,4
413,100,380,3
414,100,34,6
415,101,170,5
416,101,407,10
417,101,435,5
418,101,218,2
419,101,18,4
420,102,85,7
421,102,178,9
422,102,487,6
423,103,110,3
424,103,160,1
425,103,189,3
426,104,65,8
427,104,498,4
428,104,485,7
429,104,78,10
430,105,193,4
431,105,288,6
432,105,435,4
433,105,80,4
434,106,53,3
435,106,349,7
436,106,157,8
437,106,7,1
438,107,98,7
439,107,342,3
440,107,330,3
441,107,139,8
442,107,325,10
443,108,196,1
444,108,355,9
445,108,437,2
446,108,302,3
447,108,69,3
448,109,96,5
449,109,479,3
450,109,340,3
451,109,399,8
452,109,358,1
453,110,421,6
454,110,281,10
455,110,466,10
456,110,7,9
457,111,297,9
458,111,282,2
459,111,240,8
460,111,361,5
461,112,92,7
462,112,179,10
463,112,419,4
464,112,200,10
465,112,205,8
466,113,123,7
467,113,149,1
468,113,150,5
469,113,188,5
470,114,402,10
471,114,479,10
472,114,458,3
473,114,342,8
474,115,76,10
475,115,190,7
476,115,475,4
477,115,334,3
478,116,355,4
479,116,157,5
480,116,129,3
481,116,75,7
482,117,71,3
483,117,120,7
484,117,147,8
485,117,200,6
486,118,223,10
487,118,309,1
488,118,313,8
489,119,166,4
490,119,219,3
491,119,437,10
492,119,86,8
493,120,420,5
494,120,405,9
495,120,481,7
496,120,317,2
497,121,90,5
498,121,146,2
499,121,460,9
500,121,174,2
501,121,153,10
502,122,101,8
503,122,199,5
504,122,256,3
505,122,407,10
506,122,471,10
507,123,287,4
508,123,492,9
509,123,390,4
510,123,107,1
511,123,328,7
512,124,82,3
513,124,181,2
514,124,342,4
515,124,135,10
516,124,112,6
517,125,84,10
518,125,422,4
519,125,168,7
520,125,407,9
521,125,130,1
522,126,209,3
523,126,368,2
524,126,293,10
525,126,490,2
526,127,104,10
527,127,465,4
528,127,315,9
529,127,319,6
530,128,77,8
531,128,359,1
532,128,289,10
533,128,412,7
534,128,481,5
535,129,212,2
536,129,232,4
537,129,147,9
538,129,368,4
539,129,107,6
540,130,89,10
541,130,208,9
542,130,158,6
543,130,448,7
544,131,129,9
545,131,153,1
546,131,228,10
547,131,86,6
548,132,119,8
549,132,140,3
550,132,142,7
551,132,39,3
552,132,25,5
553,133,87,3
554,133,184,8
555,133,294,8
556,133,212,5
557,134,89,2
558,134,382,8
559,134,446,4
560,134,283,2
561,135,87,4
562,135,154,6
563,135,200,8
564,135,250,4
565,136,206,5
566,136,173,3
567,136,276,5
568,136,440,1
569,136,387,4
570,137,90,5
571,137,261,3
572,137,364,6
573,137,281,3
574,138,99,3
575,138,213,8
576,138,258,1
577,138,293,7
578,139,226,5
579,139,412,4
580,139,335,8
581,139,261,9
582,140,314,1
583,140,399,4
584,140,421,1
585,141,165,3
586,141,168,4
587,141,390,5
588,141,233,1
589,141,392,5
590,142,343,7
591,142,189,8
592,142,203,9
593,142,325,4
594,143,120,7
595,143,268,8
596,143,430,4
597,143,163,5
598,143,346,9
599,144,86,4
600,144,176,8
601,144,235,2
602,144,450,9
603,145,101,9
604,145,439,9
605,145,454,1
606,145,16,1
607,145,15,8
608,146,464,1
609,146,317,6
610,146,151,1
611,146,379,4
612,146,102,5
613,147,175,9
614,147,342,9
615,147,276,4
616,147,36,7
617,147,494,9
618,148,275,6
619,148,256,1
620,148,309,6
621,148,168,7
622,149,178,4
623,149,289,7
624,149,492,10
625,149,416,6
626,149,96,3
627,150,210,9
628,150,264,10
629,150,406,1
630,150,64,2
631,150,69,4
632,151,100,9
633,151,392,10
634,151,179,9
635,151,66,3
636,152,77,3
637,152,231,5
638,152,405,1
639,153,273,2
640,153,495,3
641,153,325,5
642,154,208,2
643,154,377,8
644,154,279,9
645,154,8,1
646,154,138,9
647,155,158,1
648,155,242,10
649,155,295,5
650,156,89,6
651,156,162,9
652,156,387,6
653,156,428,4
654,156,456,1
655,157,156,2
656,157,204,3
657,157,282,4
658,158,384,6
659,158,390,7
660,158,396,1
661,158,361,10
662,159,116,5
663,159,234,7
664,159,285,2
665,159,10,3
666,159,465,5
667,160,300,7
668,160,422,7
669,160,185,8
670,160,79,5
671,160,233,1
672,161,362,8
673,161,173,8
674,161,165,6
675,161,466,2
676,161,191,3
677,162,141,7
678,162,279,4
679,162,485,1
680,163,127,10
681,163,297,3
682,163,451,4
683,164,111,3
684,164,172,4
685,164,464,7
686,164,171,8
687,165,216,7
688,165,422,7
689,165,184,2
690,165,48,10
691,166,409,7
692,166,459,6
693,166,392,6
694,167,161,3
695,167,173,9
696,167,257,7
697,167,365,1
698,168,327,6
699,168,290,1
700,168,439,4
701,168,359,7
702,169,143,8
703,169,256,9
704,169,257,4
705,169,234,1
706,170,291,9
707,170,405,8
708,170,176,6
709,170,404,9
710,171,134,5
711,171,252,8
712,171,485,9
713,171,165,10
714,172,148,3
715,172,320,2
716,172,383,4
717,172,380,9
718,172,139,4
719,173,205,10
720,173,463,2
721,173,180,4
722,174,117,10
723,174,243,8
724,174,335,4
725,174,345,5
726,174,29,5
727,175,234,7
728,175,408,8
729,175,421,2
730,176,289,1
731,176,335,2
732,176,278,9
733,176,69,5
734,176,239,3
735,177,110,9
736,177,368,5
737,177,454,9
738,177,51,5
739,177,391,7
740,178,346,4
741,178,202,4
742,178,222,9
743,178,273,2
744,178,336,9
745,179,239,3
746,179,358,8
747,179,185,1
748,179,97,10
749,180,157,10
750,180,282,2
751,180,342,1
752,180,33,10
753,180,76,3
754,181,391,2
755,181,481,1
756,181,222,4
757,182,100,4
758,182,244,2
759,182,256,4
760,182,450,8
761,183,92,1
762,183,253,3
763,183,344,6
764,183,360,7
765,183,431,10
766,184,250,7
767,184,249,7
768,184,368,6
769,184,455,7
770,185,129,9
771,185,331,9
772,185,349,3
773,186,124,8
774,186,467,1
775,186,497,8
776,186,465,7
777,187,162,6
778,187,324,5
779,187,325,4
780,187,300,1
781,188,207,1
782,188,219,10
783,188,334,9
784,188,38,8
785,188,499,8
786,189,131,8
787,189,334,5
788,189,297,7
789,189,495,8
790,190,490,4
791,190,206,4
792,190,409,3
793,191,142,7
794,191,277,5
795,191,498,5
796,191,409,2
797,192,161,4
798,192,247,8
799,192,361,5
800,193,125,7
801,193,211,10
802,193,340,4
803,193,20,3
804,193,7,10
805,194,160,6
806,194,398,5
807,194,208,9
808,194,179,1
809,194,476,6
810,195,149,5
811,195,230,10
812,195,322,5
813,196,482,3
814,196,295,3
815,196,328,1
816,196,470,6
817,197,178,2
818,197,407,4
819,197,405,1
820,198,122,4
821,198,313,8
822,198,349,10
823,198,196,5
824,199,140,1
825,199,336,3
826,199,219,3
827,200,220,2
828,200,390,1
829,200,296,3
830,200,494,9
831,201,112,4
832,201,412,7
833,201,420,5
834,201,228,7
835,202,196,10
836,202,454,2
837,202,325,3
838,203,174,7
839,203,381,1
840,203,394,10
841,203,48,8
842,203,401,3
843,204,246,4
844,204,471,10
845,204,390,9
846,204,127,8
847,204,203,5
848,205,186,3
849,205,245,10
850,205,237,2
851,206,443,6
852,206,424,3
853,206,453,2
854,206,155,7
855,207,272,1
856,207,298,8
857,207,352,5
858,208,236,4
859,208,331,3
860,208,267,6
861,208,434,7
862,209,125,4
863,209,499,1
864,209,387,10
865,209,195,9
866,209,356,2
867,210,377,1
868,210,358,9
869,210,438,7
870,210,78,10
871,211,268,4
872,211,314,8
873,211,291,2
874,211,226,7
875,212,428,7
876,212,458,2
877,212,336,1
878,212,139,8
879,213,368,2
880,213,355,7
881,213,363,10
882,213,325,9
883,213,422,7
884,214,159,6
885,214,465,3
886,214,267,10
887,214,219,3
888,215,107,6
889,215,385,9
890,215,352,8
891,215,259,2
892,216,255,7
893,216,314,1
894,216,495,5
895,217,116,1
896,217,231,4
897,217,368,6
898,217,406,9
899,218,213,6
900,218,297,3
901,218,324,3
902,218,492,3
903,219,395,6
904,219,441,3
905,219,413,1
906,220,408,8
907,220,237,7
908,220,377,1
909,220,259,5
910,221,137,9
911,221,341,5
912,221,395,1
913,221,498,10
914,221,474,8
915,222,128,1
916,222,461,7
917,222,479,5
918,222,66,9
919,222,39,4
920,223,249,4
921,223,463,7
922,223,392,9
923,223,258,3
924,223,492,10
925,224,123,2
926,224,261,6
927,224,423,9
928,224,111,10
929,225,161,10
930,225,288,7
931,225,419,1
932,225,472,2
933,226,339,2
934,226,420,1
935,226,478,7
936,226,394,4
937,227,158,5
938,227,382,6
939,227,233,10
940,227,450,1
941,228,351,10
942,228,309,4
943,228,237,4
944,228,396,5
945,229,171,6
946,229,379,5
947,229,425,9
948,229,292,3
949,230,251,1
950,230,298,3
951,230,364,7
952,230,354,10
953,231,279,8
954,231,392,4
955,231,329,3
956,231,44,1
957,231,429,6
958,232,421,6
959,232,305,10
960,232,360,8
961,232,430,9
962,232,157,9
963,233,134,9
964,233,360,4
965,233,380,1
966,233,87,8
967,234,418,3
968,234,416,8
969,234,361,9
970,235,396,1
971,235,346,5
972,235,368,1
973,235,429,1
974,236,255,3
975,236,411,7
976,236,356,5
977,236,409,7
978,237,125,2
979,237,241,4
980,237,456,6
981,237,488,3
982,237,21,3
983,238,195,4
984,238,293,1
985,238,403,3
986,238,202,5
987,239,315,4
988,239,352,8
989,239,244,4
990,239,287,4
991,239,476,9
992,240,140,10
993,240,268,4
994,240,247,9
995,241,304,7
996,241,387,3
997,241,400,9
998,241,103,5
999,242,273,9
1000,242,243,6
1001,242,296,9
1002,242,13,1
1003,242,474,10
1004,243,293,10
1005,243,391,6
1006,243,466,2
1007,244,474,10
1008,244,345,1
1009,244,281,8
1010,244,78,5
1011,245,472,9
1012,245,288,8
1013,245,410,5
1014,245,429,8
1015,245,285,10
1016,246,410,9
1017,246,261,6
1018,246,462,1
1019,247,285,8
1020,247,293,5
1021,247,436,1
1022,247,63,4
1023,248,186,1
1024,248,257,5
1025,248,338,8
1026,248,276,6
1027,249,468,3
1028,249,366,7
1029,249,443,10
1030,249,20,9
1031,250,361,8
1032,250,468,1
1033,250,422,7
1034,251,445,10
1035,251,351,3
1036,251,268,6
1037,251,29,2
1038,252,260,10
1039,252,379,9
1040,252,468,10
1041,252,204,1
1042,252,347,7
1043,253,334,8
1044,253,459,9
1045,253,478,3
1046,253,336,4
1047,254,222,8
1048,254,321,1
1049,254,478,5
1050,254,387,2
1051,255,369,4
1052,255,354,5
1053,255,400,4
1054,256,482,10
1055,256,495,9
1056,256,265,3
1057,257,243,7
1058,257,372,6
1059,257,332,7
1060,257,361,10
1061,258,473,2
1062,258,474,9
1063,258,393,2
1064,258,284,1
1065,259,156,5
1066,259,362,1
1067,259,383,5
1068,260,363,3
1069,260,433,1
1070,260,373,6
1071,261,300,3
1072,261,305,9
1073,261,425,7
1074,262,135,3
1075,262,280,8
1076,262,417,8
1077,262,73,9
1078,262,363,2
1079,263,225,10
1080,263,294,4
1081,263,472,10
1082,264,343,1
1083,264,442,5
1084,264,470,7
1085,264,92,7
1086,265,219,3
1087,265,270,10
1088,265,412,4
1089,265,436,10
1090,265,357,6
1091,266,155,1
1092,266,349,6
1093,266,403,4
1094,266,10,5
1095,266,228,1
1096,267,158,10
1097,267,313,1
1098,267,328,3
1099,267,430,2
1100,267,178,8
1101,268,307,7
1102,268,274,10
1103,268,293,2
1104,268,218,4
1105,269,256,9
1106,269,392,10
1107,269,343,7
1108,269,171,10
1109,269,206,9
1110,270,484,7
1111,270,362,2
1112,270,445,10
1113,270,250,2
1114,271,249,4
1115,271,388,2
1116,271,430,6
1117,271,112,10
1118,271,455,10
1119,272,369,9
1120,272,346,8
1121,272,358,8
1122,272,103,8
1123,273,274,4
1124,273,492,4
1125,273,487,4
1126,273,402,5
1127,274,487,5
1128,274,383,6
1129,274,481,2
1130,274,355,4
1131,274,215,7
1132,275,336,1
1133,275,360,1
1134,275,457,5
1135,276,248,6
1136,276,305,4
1137,276,330,9
1138,277,404,7
1139,277,424,3
1140,277,464,2
1141,277,197,7
1142,278,251,4
1143,278,492,10
1144,278,291,7
1145,278,430,1
1146,279,352,2
1147,279,364,7
1148,279,282,4
1149,279,32,3
1150,280,465,10
1151,280,429,9
1152,280,495,8
1153,281,164,3
1154,281,483,10
1155,281,491,5
1156,281,478,7
1157,282,224,7
1158,282,346,8
1159,282,481,9
1160,282,20,10
1161,283,245,4
1162,283,292,3
1163,283,342,10
1164,284,269,4
1165,284,459,9
1166,284,307,5
1167,284,255,2
1168,285,457,5
1169,285,337,4
1170,285,399,8
1171,285,39,1
1172,286,269,9
1173,286,332,10
1174,286,398,4
1175,286,483,3
1176,287,273,5
1177,287,321,9
1178,287,455,1
1179,287,190,9
1180,288,493,5
1181,288,393,4
1182,288,291,1
1183,288,486,6
1184,289,493,7
1185,289,399,5
1186,289,322,5
1187,289,241,10
1188,289,401,6
1189,290,289,5
1190,290,491,8
1191,290,418,5
1192,290,458,8
1193,290,116,3
1194,291,241,6
1195,291,319,10
1196,291,368,3
1197,291,441,9
1198,292,477,5
1199,292,346,7
1200,292,482,2
1201,293,355,2
1202,293,388,2
1203,293,489,5
1204,293,312,9
1205,294,372,1
1206,294,343,9
1207,294,434,3
1208,294,120,8
1209,294,225,3
1210,295,480,8
1211,295,419,4
1212,295,348,3
1213,295,456,10
1214,296,215,1
1215,296,336,8
1216,296,352,6
1217,296,309,10
1218,297,403,2
1219,297,407,2
1220,297,417,9
1221,297,342,8
1222,298,151,3
1223,298,304,7
1224,298,334,6
1225,298,10,7
1226,299,228,4
1227,299,349,4
1228,299,462,3
1229,299,486,9
1230,300,418,8
1231,300,394,9
1232,300,366,10
1233,300,191,3
1234,301,154,6
1235,301,305,7
1236,301,331,8
1237,301,456,3
1238,302,193,5
1239,302,354,8
1240,302,453,1
1241,302,19,8
1242,302,191,5
1243,303,244,5
1244,303,375,2
1245,303,478,9
1246,303,120,4
1247,304,335,7
1248,304,363,10
1249,304,429,10
1250,304,210,2
1251,304,79,8
1252,305,381,7
1253,305,427,4
1254,305,353,1
1255,305,221,6
1256,305,289,7
1257,306,291,9
1258,306,406,7
1259,306,380,6
1260,306,32,6
1261,306,455,9
1262,307,212,4
1263,307,394,2
1264,307,371,5
1265,307,312,7
1266,308,173,9
1267,308,314,7
1268,308,472,8
1269,308,268,7
1270,308,287,10
1271,309,256,5
1272,309,465,4
1273,309,327,4
1274,309,494,9
1275,310,264,1
1276,310,348,2
1277,310,394,7
1278,310,14,8
1279,311,212,1
1280,311,485,2
1281,311,444,6
1282,311,106,7
1283,311,180,7
1284,312,179,8
1285,312,487,5
1286,312,314,3
1287,313,333,5
1288,313,370,5
1289,313,422,8
1290,313,255,7
1291,313,230,1
1292,314,262,2
1293,314,346,9
1294,314,393,5
1295,314,345,3
1296,314,380,6
1297,315,412,1
1298,315,446,2
1299,315,351,8
1300,315,211,9
1301,316,260,8
1302,316,328,9
1303,316,441,5
1304,316,51,1
1305,317,270,3
1306,317,344,1
1307,317,452,7
1308,318,173,4
1309,318,367,1
1310,318,386,2
1311,318,437,6
1312,319,416,5
1313,319,431,10
1314,319,441,7
1315,319,33,5
1316,320,443,7
1317,320,462,2
1318,320,334,5
1319,320,322,2
1320,320,279,2
1321,321,447,9
1322,321,364,2
1323,321,467,9
1324,321,39,3
1325,322,397,5
1326,322,495,2
1327,322,366,6
1328,322,404,5
1329,323,288,3
1330,323,343,3
1331,323,378,10
1332,323,75,1
1333,324,479,4
1334,324,475,5
1335,324,464,3
1336,324,393,2
1337,324,433,6
1338,325,399,4
1339,325,485,6
1340,325,369,10
1341,325,478,10
1342,326,272,4
1343,326,447,2
1344,326,494,5
1345,326,131,2
1346,326,225,1
1347,327,476,2
1348,327,430,10
1349,327,347,10
1350,327,395,6
1351,327,303,1
1352,328,337,2
1353,328,376,5
1354,328,455,4
1355,328,17,4
1356,328,420,1
1357,329,190,8
1358,329,456,4
1359,329,484,2
1360,329,338,8
1361,329,278,9
1362,330,235,5
1363,330,383,9
1364,330,465,10
1365,330,7,2
1366,330,174,6
1367,331,383,4
1368,331,386,10
1369,331,426,8
1370,331,391,5
1371,331,218,3
1372,332,456,7
1373,332,424,2
1374,332,352,2
1375,332,0,8
1376,333,256,1
1377,333,479,2
1378,333,484,3
1379,333,496,7
1380,333,309,2
1381,334,345,6
1382,334,338,10
1383,334,368,4
1384,334,465,5
1385,335,351,8
1386,335,411,4
1387,335,369,8
1388,335,248,9
1389,336,189,3
1390,336,352,4
1391,336,382,10
1392,336,398,7
1393,337,468,3
1394,337,485,10
1395,337,387,5
1396,337,482,2
1397,338,229,3
1398,338,472,10
1399,338,350,5
1400,338,8,8
1401,339,387,8
1402,339,397,6
1403,339,461,9
1404,339,449,1
1405,340,245,6
1406,340,362,9
1407,340,483,3
1408,340,202,9
1409,341,373,8
1410,341,422,9
1411,341,405,8
1412,341,450,8
1413,342,362,5
1414,342,408,7
1415,342,360,2
1416,343,387,4
1417,343,434,2
1418,343,453,7
1419,343,443,6
1420,344,360,1
1421,344,475,8
1422,344,467,1
1423,344,128,2
1424,344,490,9
1425,345,327,1
1426,345,350,9
1427,345,498,1
1428,345,155,2
1429,346,444,4
1430,346,480,9
1431,346,409,10
1432,346,118,3
1433,347,177,9
1434,347,478,2
1435,347,410,8
1436,347,491,4
1437,347,87,4
1438,348,455,9
1439,348,442,3
1440,348,474,10
1441,348,59,7
1442,348,352,2
1443,349,364,3
1444,349,438,5
1445,349,435,5
1446,350,286,4
1447,350,395,9
1448,350,391,1
1449,350,162,10
1450,350,80,9
1451,351,402,1
1452,351,386,7
1453,351,450,7
1454,351,433,5
1455,351,135,7
1456,352,405,4
1457,352,388,4
1458,352,358,2
1459,352,104,7
1460,352,205,6
1461,353,273,7
1462,353,456,10
1463,353,446,6
1464,353,192,4
1465,354,419,7
1466,354,425,8
1467,354,360,3
1468,355,465,3
1469,355,369,5
1470,355,387,6
1471,355,73,3
1472,356,193,1
1473,356,408,8
1474,356,467,4
1475,357,271,9
1476,357,431,4
1477,357,403,5
1478,357,38,7
1479,358,409,9
1480,358,444,6
1481,358,385,7
1482,358,343,9
1483,359,266,4
1484,359,456,2
1485,359,384,9
1486,359,25,3
1487,360,206,8
1488,360,361,5
1489,360,434,9
1490,360,287,6
1491,361,452,2
1492,361,403,5
1493,361,368,3
1494,362,381,10
1495,362,398,3
1496,362,436,6
1497,362,296,3
1498,362,148,9
1499,363,496,7
1500,363,456,2
1501,363,450,10
1502,363,243,4
1503,364,250,8
1504,364,497,9
1505,364,417,10
1506,364,210,6
1507,365,296,1
1508,365,371,3
1509,365,439,1
1510,366,322,6
1511,366,463,9
1512,366,370,10
1513,366,261,9
1514,366,67,10
1515,367,430,6
1516,367,451,10
1517,367,473,6
1518,367,39,7
1519,367,324,9
1520,368,384,1
1521,368,371,4
1522,368,418,10
1523,368,53,4
1524,368,210,5
1525,369,471,8
1526,369,441,5
1527,369,480,4
1528,369,86,6
1529,370,240,7
1530,370,472,9
1531,370,412,4
1532,370,0,9
1533,371,186,8
1534,371,488,3
1535,371,441,10
1536,371,281,6
1537,371,20,10
1538,372,418,8
1539,372,381,3
1540,372,485,3
1541,372,474,9
1542,373,283,10
1543,373,388,3
1544,373,387,5
1545,373,468,3
1546,373,26,1
1547,374,218,4
1548,374,437,5
1549,374,478,4
1550,374,417,3
1551,375,193,1
1552,375,443,2
1553,375,434,6
1554,375,218,4
1555,376,314,6
1556,376,488,6
1557,376,386,5
1558,376,118,6
1559,377,432,2
1560,377,477,2
1561,377,448,4
1562,377,397,2
1563,378,467,5
1564,378,409,1
1565,378,436,10
1566,378,334,7
1567,378,286,6
1568,379,448,7
1569,379,499,6
1570,379,442,2
1571,379,471,7
1572,380,374,1
1573,380,385,8
1574,380,486,6
1575,380,301,5
1576,381,472,8
1577,381,471,10
1578,381,431,6
1579,381,183,9
1580,381,159,8
1581,382,499,2
1582,382,426,4
1583,382,429,5
1584,382,8,4
1585,382,287,2
1586,383,340,7
1587,383,447,9
1588,383,407,7
1589,383,216,7
1590,384,355,9
1591,384,473,8
1592,384,486,1
1593,384,420,4
1594,384,437,10
1595,385,450,5
1596,385,425,9
1597,385,411,1
1598,385,292,4
1599,385,19,5
1600,386,280,8
1601,386,454,2
1602,386,465,2
1603,386,473,7
1604,387,481,7
1605,387,495,2
1606,387,433,1
1607,387,104,10
1608,388,471,1
1609,388,496,5
1610,388,437,4
1611,388,335,6
1612,388,75,1
1613,389,293,9
1614,389,465,2
1615,389,408,9
1616,389,451,2
1617,389,497,9
1618,390,463,4
1619,390,469,7
1620,390,412,4
1621,390,442,8
1622,390,293,9
1623,391,247,8
1624,391,484,7
1625,391,436,1
1626,391,243,6
1627,392,494,1
1628,392,498,2
1629,392,404,8
1630,392,51,1
1631,393,270,10
1632,393,402,8
1633,393,452,8
1634,393,243,10
1635,394,483,7
1636,394,404,6
1637,394,400,3
1638,395,484,8
1639,395,494,7
1640,395,493,10
1641,395,297,2
1642,396,377,10
1643,396,419,1
1644,396,486,2
1645,396,401,9
1646,397,371,5
1647,397,464,5
1648,397,446,6
1649,398,410,1
1650,398,470,6
1651,398,476,7
1652,398,498,8
1653,399,484,4
1654,399,488,7
1655,399,461,4
1656,399,334,10
1657,400,237,6
1658,400,466,10
1659,400,463,9
1660,401,307,9
1661,401,477,9
1662,401,419,2
1663,402,496,9
1664,402,488,4
1665,402,464,9
1666,403,495,1
1667,403,452,6
1668,403,408,8
1669,403,409,3
1670,404,405,4
1671,404,494,6
1672,404,414,10
1673,405,438,9
1674,405,434,8
1675,405,446,7
1676,405,32,10
1677,406,425,10
1678,406,476,10
1679,406,437,2
1680,406,185,9
1681,407,458,5
1682,407,489,6
1683,407,495,8
1684,407,393,4
1685,408,452,1
1686,408,432,6
1687,408,499,4
1688,408,52,3
1689,408,483,7
1690,409,404,9
1691,409,416,9
1692,409,476,2
1693,410,496,4
1694,410,415,6
1695,410,470,5
1696,410,258,4
1697,410,211,7
1698,411,243,3
1699,411,479,8
1700,411,456,5
1701,412,261,7
1702,412,456,10
1703,412,455,1
1704,412,102,3
1705,413,223,10
1706,413,491,4
1707,413,484,7
1708,413,121,10
1709,413,455,8
1710,414,262,7
1711,414,442,8
1712,414,492,2
1713,414,433,1
1714,415,289,8
1715,415,453,3
1716,415,442,6
1717,415,31,8
1718,416,494,4
1719,416,434,3
1720,416,458,4
1721,416,449,1
1722,416,229,2
1723,417,391,7
1724,417,464,3
1725,417,461,5
1726,417,398,9
1727,418,266,10
1728,418,465,10
1729,418,420,10
1730,418,399,9
1731,419,487,7
1732,419,441,10
1733,419,446,4
1734,419,169,7
1735,419,493,7
1736,420,439,2
1737,420,495,2
1738,420,445,10
1739,421,286,2
1740,421,447,3
1741,421,426,7
1742,422,297,1
1743,422,483,9
1744,422,467,8
1745,422,256,8
1746,423,218,10
1747,423,476,4
1748,423,482,4
1749,423,342,6
1750,424,488,10
1751,424,460,4
1752,424,431,1
1753,424,493,6
1754,425,268,6
1755,425,454,8
1756,425,432,8
1757,426,311,9
1758,426,435,10
1759,426,498,6
1760,426,81,6
1761,427,368,6
1762,427,445,8
1763,427,465,3
1764,427,284,10
1765,427,319,1
1766,428,257,3
1767,428,482,3
1768,428,456,9
1769,428,248,9
1770,428,137,5
1771,429,413,2
1772,429,467,5
1773,429,481,10
1774,430,476,4
1775,430,475,1
1776,430,470,8
1777,430,210,9
1778,431,401,9
1779,431,464,5
1780,431,451,7
1781,431,435,4
1782,431,459,3
1783,432,487,8
1784,432,475,7
1785,432,461,6
1786,433,444,4
1787,433,485,1
1788,433,480,10
1789,433,402,3
1790,434,474,6
1791,434,497,9
1792,434,468,5
1793,434,6,8
1794,435,378,3
1795,435,455,4
1796,435,451,7
1797,435,243,9
1798,436,292,8
1799,436,485,7
1800,436,454,4
1801,436,353,6
1802,436,115,7
1803,437,478,6
1804,437,447,10
1805,437,470,9
1806,438,389,3
1807,438,473,7
1808,438,471,5
1809,438,190,5
1810,439,231,4
1811,439,487,10
1812,439,468,7
1813,439,291,4
1814,439,212,8
1815,440,306,9
1816,440,496,2
1817,440,448,6
1818,441,455,8
1819,441,461,6
1820,441,472,2
1821,441,212,4
1822,442,301,2
1823,442,495,10
1824,442,485,9
1825,442,394,4
1826,443,450,6
1827,443,447,9
1828,443,472,9
1829,443,104,2
1830,444,453,7
1831,444,495,5
1832,444,468,9
1833,445,439,8
1834,445,461,8
1835,445,477,1
1836,445,139,1
1837,446,407,2
1838,446,479,6
1839,446,454,2
1840,446,323,5
1841,447,317,3
1842,447,475,9
1843,447,498,7
1844,448,453,4
1845,448,473,7
1846,448,459,7
1847,448,34,4
1848,449,408,10
1849,449,474,4
1850,449,477,9
1851,450,327,1
1852,450,454,10
1853,450,465,9
1854,450,440,1
1855,451,415,10
1856,451,491,1
1857,451,486,7
1858,451,127,7
1859,452,394,6
1860,452,457,10
1861,452,462,3
1862,452,29,7
1863,452,455,2
1864,453,495,9
1865,453,498,8
1866,453,463,2
1867,453,365,4
1868,454,494,1
1869,454,495,10
1870,454,461,3
1871,454,237,5
1872,454,215,6
1873,455,467,7
1874,455,456,3
1875,455,471,4
1876,455,79,5
1877,456,457,9
1878,456,462,5
1879,456,480,1
1880,457,262,2
1881,457,460,8
1882,457,499,2
1883,458,365,7
1884,458,462,6
1885,458,487,2
1886,458,167,4
1887,459,450,2
1888,459,468,2
1889,459,461,8
1890,459,432,6
1891,460,318,4
1892,460,465,1
1893,460,495,1
1894,460,337,3
1895,461,464,4
1896,461,463,8
1897,461,468,10
1898,461,134,6
1899,461,353,8
1900,462,473,8
1901,462,494,3
1902,462,495,10
1903,462,6,5
1904,463,268,9
1905,463,479,9
1906,463,481,9
1907,463,239,1
1908,463,261,6
1909,464,475,4
1910,464,476,3
1911,464,481,10
1912,465,480,7
1913,465,494,9
1914,465,497,6
1915,466,373,10
1916,466,476,1
1917,466,496,4
1918,466,224,9
1919,466,296,2
1920,467,479,6
1921,467,476,9
1922,467,488,5
1923,467,21,9
1924,467,127,4
1925,468,484,10
1926,468,481,9
1927,468,491,3
1928,468,340,9
1929,469,369,6
1930,469,486,5
1931,469,485,1
1932,469,429,6
1933,470,276,6
1934,470,493,10
1935,470,485,4
1936,470,110,5
1937,471,479,3
1938,471,480,8
1939,471,499,10
1940,471,470,5
1941,472,369,5
1942,472,483,7
1943,472,489,3
1944,473,482,5
1945,473,491,8
1946,473,476,2
1947,473,488,9
1948,474,383,2
1949,474,490,2
1950,474,479,2
1951,474,210,2
1952,475,418,5
1953,475,480,4
1954,475,493,1
1955,475,104,6
1956,476,270,9
1957,476,484,6
1958,476,490,7
1959,476,473,2
1960,477,261,3
1961,477,484,6
1962,477,496,4
1963,477,95,1
1964,478,481,10
1965,478,488,1
1966,478,486,2
1967,479,494,7
1968,479,481,7
1969,479,482,1
1970,479,182,3
1971,479,168,9
1972,480,487,7
1973,480,490,8
1974,480,488,4
1975,480,400,1
1976,480,492,2
1977,481,263,9
1978,481,483,8
1979,481,495,6
1980,481,284,7
1981,482,495,10
1982,482,487,2
1983,482,493,10
1984,483,307,6
1985,483,484,7
1986,483,489,2
1987,483,287,9
1988,484,469,5
1989,484,488,8
1990,484,498,2
1991,484,412,8
1992,484,66,1
1993,485,497,2
1994,485,495,5
1995,485,488,8
1996,485,40,10
1997,485,120,5
1998,486,488,1
1999,486,497,7
2000,486,494,8
2001,487,488,6
2002,487,498,7
2003,487,496,2
2004,488,499,5
2005,488,498,9
2006,488,496,6
2007,489,406,6
2008,489,497,4
2009,489,499,9
2010,490,471,1
2011,490,492,4
2012,490,493,7
2013,490,243,6
2014,491,495,9
2015,491,492,4
2016,491,494,6
2017,491,411,3
2018,492,495,9
2019,492,499,2
2020,492,497,5
2021,493,495,4
2022,493,498,5
2023,493,496,5
2024,493,4,2
2025,494,499,3
2026,494,496,10
2027,494,497,9
2028,494,460,9
2029,495,461,9
2030,495,496,4
2031,495,498,3
2032,495,377,1
2033,496,498,6
2034,496,497,3
2035,496,499,10
2036,496,322,6
2037,497,498,7
2038,497,499,1
2039,497,254,6
2040,497,285,8
2041,497,440,3
2042,498,493,5
2043,498,499,5
2044,498,415,10
2045,499,367,9
2046,499,316,5
2047,499,144,6
2048,499,257,4
2049,499,473,1
